id,number,pgp_amount,date,enumerator,state,note
99,,0,1/18/2018,a.simon,pilot,
100,,0,1/18/2018,a.simon,pilot,
92,,0,1/18/2018,Anna,pilot,
91,,100,1/18/2018,Anna,pilot,in 7 different bills!
12,,200,1/18/2018,Ashatu,pilot,
11,,600,1/18/2018,Ashatu,pilot,
9,,200,1/18/2018,Bilkisu,pilot,
10,,0,1/18/2018,Bilkisu,pilot,
82,,100,1/18/2018,d.ruth,pilot,
81,,200,1/18/2018,d.ruth,pilot,
95,,400,1/18/2018,Didam,pilot,
96,,200,1/18/2018,Didam,pilot,
89,,400,1/18/2018,Dugalpi,pilot,
17,,1000,1/18/2018,f.gbenyi,pilot,
18,,1000,1/18/2018,f.gbenyi,pilot,
16,,200,1/18/2018,Francis,pilot,
15,,1000,1/18/2018,Francis,pilot,refused to take
97,,0,1/18/2018,i.iorkegh,pilot,
98,,50,1/18/2018,i.iorkegh,pilot,
3,,200,1/18/2018,i.shiana,pilot,
4,,200,1/18/2018,i.shiana,pilot,
86,,200,1/18/2018,Jonah,pilot,
85,,200,1/18/2018,Jonah,pilot,
83,,200,1/18/2018,l.aule,pilot,
84,,200,1/18/2018,l.aule,pilot,
2,,200,1/18/2018,m.orga,pilot,
1,,200,1/18/2018,m.orga,pilot,
93,,100,1/18/2018,Miriam,pilot,
94,,600,1/18/2018,Miriam,pilot,
87,,200,1/18/2018,n.vincent,pilot,
88,,500,1/18/2018,n.vincent,pilot,
42,,100,1/18/2018,Nafisa,pilot,
6,,100,1/18/2018,Patience,pilot,
5,,200,1/18/2018,Patience,pilot,
8,,200,1/18/2018,Rachel,pilot,
7,,200,1/18/2018,Rachel,pilot,
19,,200,1/18/2018,Suleiman,pilot,
20,,200,1/18/2018,Suleiman,pilot,
14,,400,1/18/2018,t.ikyaave,pilot,
43,,200,1/19/2018,a.simon,pilot,name?
53,,200,1/19/2018,Aisha,pilot,
54,,200,1/19/2018,Aisha,pilot,
73,,100,1/19/2018,Anna,pilot,
74,,200,1/19/2018,Anna,pilot,
26,,50,1/19/2018,Bilkisu,pilot,
27,,200,1/19/2018,Bilkisu,pilot,
69,,100,1/19/2018,d.ruth,pilot,
55,,200,1/19/2018,Deedum,pilot,
56,,200,1/19/2018,Deedum,pilot,
90,,200,1/19/2018,Dugalpi,pilot,
79,,600,1/19/2018,Dugalpi,pilot,
61,,50,1/19/2018,f.gbenyi,pilot,
62,,200,1/19/2018,f.gbenyi,pilot,
47,,0,1/19/2018,Francis,pilot,
48,,0,1/19/2018,Francis,pilot,
49,,200,1/19/2018,i.iorkegh,pilot,
50,,200,1/19/2018,i.iorkegh,pilot,
57,,400,1/19/2018,Jonah,pilot,
58,,200,1/19/2018,Jonah,pilot,
71,,200,1/19/2018,l.aule,pilot,
46,,100,1/19/2018,m.orga,pilot,"gave 46, but not 45."
51,,400,1/19/2018,Mariam,pilot,
52,,50,1/19/2018,Mariam,pilot,
65,,200,1/19/2018,n.vincent,pilot,
66,,200,1/19/2018,n.vincent,pilot,
41,,200,1/19/2018,Nafisa,pilot,
77,,200,1/19/2018,Nafisa,pilot,
63,,200,1/19/2018,Patience,pilot,
64,,600,1/19/2018,Patience,pilot,
75,,600,1/19/2018,Rachel,pilot,
76,,200,1/19/2018,Rachel,pilot,
67,,200,1/19/2018,Shianna,pilot,
68,,200,1/19/2018,Shianna,pilot,
29,,200,1/19/2018,Suleiman,pilot,
30,,200,1/19/2018,Suleiman,pilot,
13,,200,1/19/2018,t.ikyaave,pilot,
59,,200,1/19/2018,t.ikyaave,pilot,
60,,200,1/19/2018,t.ikyaave,pilot,
AB1,1,20,1/30/2018,a.bako,nas,
AB2,2,200,1/30/2018,a.bako,nas,
AB3,3,400,1/30/2018,a.bako,nas,
BI1,1,600,1/30/2018,b.idris,nas,
BI2,2,400,1/30/2018,b.idris,nas,
DD1,1,100,1/30/2018,d.daniel,nas,
DD2,2,200,1/30/2018,d.daniel,nas,
EJ1,1,200,1/30/2018,e.jonah,nas,
EJ2,2,200,1/30/2018,e.jonah,nas,
1066,1066,200,1/30/2018,m.rachel,nas,
1067,1067,400,1/30/2018,n.yunusa,nas,
PT1,1,200,1/30/2018,p.thomas,nas,
PT2,2,400,1/30/2018,p.thomas,nas,
1063,1063,200,1/30/2018,s.ibrahim,nas,
AB1,1,200,1/31/2018,a.bako,nas,
AB2,2,400,1/31/2018,a.bako,nas,
AB3,3,400,1/31/2018,a.bako,nas,
AB4,4,50,1/31/2018,a.bako,nas,
AB5,5,0,1/31/2018,a.bako,nas,
AB6,6,200,1/31/2018,a.bako,nas,
BI1,1,600,1/31/2018,b.idris,nas,
BI2,2,800,1/31/2018,b.idris,nas,
BI3,3,400,1/31/2018,b.idris,nas,
BI4,4,200,1/31/2018,b.idris,nas,
BI5,5,200,1/31/2018,b.idris,nas,
DA1,1,200,1/31/2018,d.alahirah,nas,
DA2,2,200,1/31/2018,d.alahirah,nas,
DA3,3,100,1/31/2018,d.alahirah,nas,
DA4,4,200,1/31/2018,d.alahirah,nas,
DA5,5,200,1/31/2018,d.alahirah,nas,
DA6,6,200,1/31/2018,d.alahirah,nas,
DD1,1,200,1/31/2018,d.daniel,nas,
DD2,2,200,1/31/2018,d.daniel,nas,
DD3,3,200,1/31/2018,d.daniel,nas,
DD4,4,400,1/31/2018,d.daniel,nas,
DD5,5,400,1/31/2018,d.daniel,nas,
EJ1,1,400,1/31/2018,e.jonah,nas,
EJ2,2,200,1/31/2018,e.jonah,nas,
EJ3,3,200,1/31/2018,e.jonah,nas,
EJ4,4,200,1/31/2018,e.jonah,nas,
EJ5,5,200,1/31/2018,e.jonah,nas,
EJ6,6,200,1/31/2018,e.jonah,nas,
MO1,1,500,1/31/2018,m.orume,nas,
MO2,2,400,1/31/2018,m.orume,nas,
MO3,3,1200,1/31/2018,m.orume,nas,
MO4,4,0,1/31/2018,m.orume,nas,
MO5,5,500,1/31/2018,m.orume,nas,added 300 that was unaccounted for.
MO6,6,200,1/31/2018,m.orume,nas,
MO7,7,200,1/31/2018,m.orume,nas,
MO8,8,1000,1/31/2018,m.orume,nas,
MR1,1,200,1/31/2018,m.rachel,nas,
MR2,2,200,1/31/2018,m.rachel,nas,
MR3,3,200,1/31/2018,m.rachel,nas,
MR4,4,400,1/31/2018,m.rachel,nas,
MR5,5,200,1/31/2018,m.rachel,nas,
MR6,6,200,1/31/2018,m.rachel,nas,
MR7,7,200,1/31/2018,m.rachel,nas,
NY1,1,400,1/31/2018,n.yunusa,nas,
NY2,2,400,1/31/2018,n.yunusa,nas,
NY3,3,400,1/31/2018,n.yunusa,nas,
NY4,4,600,1/31/2018,n.yunusa,nas,
NY5,5,400,1/31/2018,n.yunusa,nas,
1068,1068,200,1/31/2018,n.yunusa,nas,
PT1,1,200,1/31/2018,p.thomas,nas,
PT2,2,200,1/31/2018,p.thomas,nas,
PT3,3,200,1/31/2018,p.thomas,nas,
PT4,4,400,1/31/2018,p.thomas,nas,
1062,1062,200,1/31/2018,s.ibrahim,nas,
1064,1064,200,1/31/2018,s.ibrahim,nas,
1065,1065,100,1/31/2018,s.ibrahim,nas,
SI1,1,200,1/31/2018,s.ibrahim,nas,
SI2,2,200,1/31/2018,s.ibrahim,nas,
AB1,1,50,2/1/2018,a.bako,nas,
AB2,2,50,2/1/2018,a.bako,nas,
AB3,3,200,2/1/2018,a.bako,nas,
AB4,4,200,2/1/2018,a.bako,nas,
BI1,1,400,2/1/2018,b.idris,nas,
BI2,2,400,2/1/2018,b.idris,nas,
BI3,3,400,2/1/2018,b.idris,nas,
BI4,4,400,2/1/2018,b.idris,nas,
DA1,1,100,2/1/2018,d.alahirah,nas,
DA2,2,200,2/1/2018,d.alahirah,nas,
DA3,3,200,2/1/2018,d.alahirah,nas,
DA4,4,200,2/1/2018,d.alahirah,nas,
DA5,5,200,2/1/2018,d.alahirah,nas,
DA6,6,100,2/1/2018,d.alahirah,nas,
DA7,7,200,2/1/2018,d.alahirah,nas,
DA8,8,0,2/1/2018,d.alahirah,nas,
DA9,9,0,2/1/2018,d.alahirah,nas,
DD1,1,600,2/1/2018,d.daniel,nas,
DD2,2,500,2/1/2018,d.daniel,nas,
DD3,3,200,2/1/2018,d.daniel,nas,
DD4,4,200,2/1/2018,d.daniel,nas,
DD5,5,400,2/1/2018,d.daniel,nas,
DD6,6,200,2/1/2018,d.daniel,nas,
EJ1,1,200,2/1/2018,e.jonah,nas,
EJ2,2,200,2/1/2018,e.jonah,nas,
EJ3,3,200,2/1/2018,e.jonah,nas,
EJ4,4,100,2/1/2018,e.jonah,nas,
EJ5,5,600,2/1/2018,e.jonah,nas,
MO1,1,200,2/1/2018,m.orume,nas,
MO2,2,50,2/1/2018,m.orume,nas,
MO3,3,1000,2/1/2018,m.orume,nas,
MO4,4,100,2/1/2018,m.orume,nas,
MO5,5,200,2/1/2018,m.orume,nas,
MO6,6,200,2/1/2018,m.orume,nas,
MO7,7,200,2/1/2018,m.orume,nas,
MR1,1,200,2/1/2018,m.rachel,nas,
MR2,2,1000,2/1/2018,m.rachel,nas,
MR3,3,600,2/1/2018,m.rachel,nas,
MR4,4,200,2/1/2018,m.rachel,nas,
MR5,5,200,2/1/2018,m.rachel,nas,
MR6,6,200,2/1/2018,m.rachel,nas,
MR7,7,200,2/1/2018,m.rachel,nas,
MR8,8,200,2/1/2018,m.rachel,nas,
NY1,1,400,2/1/2018,n.yunusa,nas,
NY2,2,800,2/1/2018,n.yunusa,nas,
NY3,3,600,2/1/2018,n.yunusa,nas,
NY4,4,400,2/1/2018,n.yunusa,nas,
NY5,5,200,2/1/2018,n.yunusa,nas,
NY6,6,200,2/1/2018,n.yunusa,nas,
NY7,7,600,2/1/2018,n.yunusa,nas,
NY8,8,200,2/1/2018,n.yunusa,nas,
NA9,9,200,2/1/2018,n.yunusa,nas,
PT1,1,0,2/1/2018,p.thomas,nas,
PT2,2,200,2/1/2018,p.thomas,nas,
PT3,3,20,2/1/2018,p.thomas,nas,
PT4,4,200,2/1/2018,p.thomas,nas,
PT5,5,1000,2/1/2018,p.thomas,nas,
SI1,1,500,2/1/2018,s.ibrahim,nas,
SI2,2,200,2/1/2018,s.ibrahim,nas,
SI3,3,200,2/1/2018,s.ibrahim,nas,
SI4,4,200,2/1/2018,s.ibrahim,nas,
SI5,5,200,2/1/2018,s.ibrahim,nas,
SI6,6,200,2/1/2018,s.ibrahim,nas,
AB1,1,200,2/2/2018,a.bako,nas,
AB2,2,100,2/2/2018,a.bako,nas,
AB3,3,20,2/2/2018,a.bako,nas,
AB4,4,100,2/2/2018,a.bako,nas,
BI1,1,400,2/2/2018,b.idris,nas,
BI2,2,200,2/2/2018,b.idris,nas,
BI3,3,200,2/2/2018,b.idris,nas,
1213,1213,800,2/2/2018,d.alahirah,nas,
1216,1216,800,2/2/2018,d.alahirah,nas,
DD1,1,400,2/2/2018,d.daniel,nas,
EJ1,1,200,2/2/2018,e.jonah,nas,
EJ2,2,200,2/2/2018,e.jonah,nas,
EJ3,3,400,2/2/2018,e.jonah,nas,
EJ4,4,200,2/2/2018,e.jonah,nas,
1218,1218,450,2/2/2018,m.orume,nas,
1222,1222,600,2/2/2018,m.orume,nas,
1221,1221,100,2/2/2018,m.rachel,nas,
1219,1219,400,2/2/2018,n.yunusa,nas,
1220,1220,200,2/2/2018,n.yunusa,nas,
PT1,1,200,2/2/2018,p.thomas,nas,
1214,1214,400,2/2/2018,s.ibrahim,nas,
1215,1215,1000,2/2/2018,s.ibrahim,nas,
1226,1226,200,2/3/2018,a.bako,nas,
AB1,1,200,2/3/2018,a.bako,nas,
AB2,2,20,2/3/2018,a.bako,nas,
AB3,3,200,2/3/2018,a.bako,nas,
AB4,4,200,2/3/2018,a.bako,nas,
AB5,5,20,2/3/2018,a.bako,nas,
BI1,1,1200,2/3/2018,b.idris,nas,
BI2,2,200,2/3/2018,b.idris,nas,
BI3,3,200,2/3/2018,b.idris,nas,
BI4,4,400,2/3/2018,b.idris,nas,
BI5,5,200,2/3/2018,b.idris,nas,
DA1,1,200,2/3/2018,d.alahirah,nas,
DA2,2,200,2/3/2018,d.alahirah,nas,
DA3,3,200,2/3/2018,d.alahirah,nas,
DA4,4,1100,2/3/2018,d.alahirah,nas,
DA5,5,1100,2/3/2018,d.alahirah,nas,
DA6,6,1050,2/3/2018,d.alahirah,nas,
DA7,7,1200,2/3/2018,d.alahirah,nas,
DA8,8,1220,2/3/2018,d.alahirah,nas,
1225,1225,400,2/3/2018,d.daniel,nas,
DD1,1,NA,2/3/2018,d.daniel,nas,"accidentally clicked ""yes"" to comm_leader survey."
DD2,2,200,2/3/2018,d.daniel,nas,
DD3,3,200,2/3/2018,d.daniel,nas,
DD4,4,200,2/3/2018,d.daniel,nas,
DD5,5,200,2/3/2018,d.daniel,nas,
DD6,6,200,2/3/2018,d.daniel,nas,
DD7,7,400,2/3/2018,d.daniel,nas,
1223,1223,1000,2/3/2018,e.jonah,nas,
1228,1228,400,2/3/2018,e.jonah,nas,
EJ1,1,200,2/3/2018,e.jonah,nas,
EJ2,2,400,2/3/2018,e.jonah,nas,
EJ3,3,200,2/3/2018,e.jonah,nas,
EJ4,4,200,2/3/2018,e.jonah,nas,
EJ5,5,400,2/3/2018,e.jonah,nas,
EJ6,6,400,2/3/2018,e.jonah,nas,
MO1,1,200,2/3/2018,m.orume,nas,
MO2,2,1000,2/3/2018,m.orume,nas,
MO3,3,200,2/3/2018,m.orume,nas,
MO4,4,200,2/3/2018,m.orume,nas,
MO5,5,200,2/3/2018,m.orume,nas,
MO6,6,200,2/3/2018,m.orume,nas,
MR1,1,1100,2/3/2018,m.rachel,nas,
MR2,2,1050,2/3/2018,m.rachel,nas,
MR3,3,1100,2/3/2018,m.rachel,nas,
MR4,4,1200,2/3/2018,m.rachel,nas,
MR5,5,1500,2/3/2018,m.rachel,nas,
MR6,6,1010,2/3/2018,m.rachel,nas,
MR7,7,1000,2/3/2018,m.rachel,nas,
NY1,1,200,2/3/2018,n.yunusa,nas,
NY2,2,400,2/3/2018,n.yunusa,nas,
NY3,3,1100,2/3/2018,n.yunusa,nas,
NY4,4,200,2/3/2018,n.yunusa,nas,
NY5,5,600,2/3/2018,n.yunusa,nas,
NY6,6,400,2/3/2018,n.yunusa,nas,
NY7,7,600,2/3/2018,n.yunusa,nas,
1227,1227,400,2/3/2018,p.thomas,nas,
PT1,1,200,2/3/2018,p.thomas,nas,
PT2,2,200,2/3/2018,p.thomas,nas,
PT3,3,200,2/3/2018,p.thomas,nas,
PT4,4,200,2/3/2018,p.thomas,nas,
PT5,5,400,2/3/2018,p.thomas,nas,
PT6,6,200,2/3/2018,p.thomas,nas,
SI1,1,200,2/3/2018,s.ibrahim,nas,
SI2,2,1000,2/3/2018,s.ibrahim,nas,
SI3,3,400,2/3/2018,s.ibrahim,nas,
SI4,4,800,2/3/2018,s.ibrahim,nas,
SI5,5,400,2/3/2018,s.ibrahim,nas,
SI6,6,400,2/3/2018,s.ibrahim,nas,
AB1,1,200,2/4/2018,a.bako,nas,
BI1,1,600,2/4/2018,b.idris,nas,
BI2,2,1600,2/4/2018,b.idris,nas,
DA1,1,100,2/4/2018,d.alahirah,nas,
DA2,2,200,2/4/2018,d.alahirah,nas,
DA3,3,1200,2/4/2018,d.alahirah,nas,
DA4,4,,2/4/2018,d.alahirah,nas,
1229,1229,600,2/4/2018,d.daniel,nas,
DD1,1,400,2/4/2018,d.daniel,nas,
DD2,2,600,2/4/2018,d.daniel,nas,
DD3,3,200,2/4/2018,d.daniel,nas,
DD4,4,200,2/4/2018,d.daniel,nas,
DD5,5,200,2/4/2018,d.daniel,nas,
1224,1224,400,2/4/2018,e.jonah,nas,
MO1,1,450,2/4/2018,m.orume,nas,
1217,1217,1000,2/4/2018,m.orume,nas,
MR1,1,600,2/4/2018,m.rachel,nas,
MR2,2,400,2/4/2018,m.rachel,nas,
MR3,3,600,2/4/2018,m.rachel,nas,
MR4,4,200,2/4/2018,m.rachel,nas,
NY1,1,800,2/4/2018,n.yunusa,nas,
NY2,2,200,2/4/2018,n.yunusa,nas,
NY3,3,400,2/4/2018,n.yunusa,nas,
PT1,1,200,2/4/2018,p.thomas,nas,
PT2,2,200,2/4/2018,p.thomas,nas,
PT3,3,200,2/4/2018,p.thomas,nas,
PT4,4,200,2/4/2018,p.thomas,nas,
SI1,1,200,2/4/2018,s.ibrahim,nas,
SI2,2,200,2/4/2018,s.ibrahim,nas,
SI3,3,200,2/4/2018,s.ibrahim,nas,
SI4,4,200,2/4/2018,s.ibrahim,nas,
BI1,1,600,2/7/2018,b.idris,nas,
BI2,2,400,2/7/2018,b.idris,nas,
BI3,3,400,2/7/2018,b.idris,nas,
1234,1234,400,2/7/2018,b.idris,nas,
DA1,1,500,2/7/2018,d.alahirah,nas,
1244,1244,0,2/7/2018,d.alahirah,nas,
1248,1248,0,2/7/2018,d.alahirah,nas,
DD1,1,200,2/7/2018,d.daniel,nas,
DD2,2,200,2/7/2018,d.daniel,nas,
1247,1247,200,2/7/2018,d.daniel,nas,
1249,1249,300,2/7/2018,d.daniel,nas,
1251,1251,600,2/7/2018,d.daniel,nas,
EJ1,1,400,2/7/2018,e.jonah,nas,
EJ2,2,400,2/7/2018,e.jonah,nas,
EJ3,3,400,2/7/2018,e.jonah,nas,
1241,1241,200,2/7/2018,e.jonah,nas,
MO1,1,100,2/7/2018,m.orume,nas,
MO2,2,200,2/7/2018,m.orume,nas,
1250,1250,200,2/7/2018,m.orume,nas,
MR1,1,400,2/7/2018,m.rachel,nas,
MR2,2,400,2/7/2018,m.rachel,nas,
1245,1245,200,2/7/2018,m.rachel,nas,
1252,1252,200,2/7/2018,m.rachel,nas,
NY1,1,800,2/7/2018,n.yunusa,nas,
1243,1243,200,2/7/2018,n.yunusa,nas,
1246,1246,400,2/7/2018,n.yunusa,nas,
PT1,1,400,2/7/2018,p.thomas,nas,
PT2,2,200,2/7/2018,p.thomas,nas,
1236,1236,200,2/7/2018,p.thomas,nas,
BI1,1,200,2/8/2018,b.idris,nas,
BI2,2,400,2/8/2018,b.idris,nas,
BI3,3,600,2/8/2018,b.idris,nas,
BI4,4,200,2/8/2018,b.idris,nas,
BI5,5,400,2/8/2018,b.idris,nas,
BI6,6,400,2/8/2018,b.idris,nas,
BI7,7,200,2/8/2018,b.idris,nas,
1235,1235,200,2/8/2018,b.idris,nas,
DA1,1,200,2/8/2018,d.alahirah,nas,
DA2,2,600,2/8/2018,d.alahirah,nas,
DA3,3,200,2/8/2018,d.alahirah,nas,
DA4,4,200,2/8/2018,d.alahirah,nas,
DA5,5,400,2/8/2018,d.alahirah,nas,
DA6,6,200,2/8/2018,d.alahirah,nas,
DA7,7,50,2/8/2018,d.alahirah,nas,
DD1,1,200,2/8/2018,d.daniel,nas,
DD2,2,200,2/8/2018,d.daniel,nas,
DD3,3,200,2/8/2018,d.daniel,nas,
DD4,4,200,2/8/2018,d.daniel,nas,
DD5,5,200,2/8/2018,d.daniel,nas,
EJ1,1,200,2/8/2018,e.jonah,nas,
EJ2,2,400,2/8/2018,e.jonah,nas,
EJ3,3,400,2/8/2018,e.jonah,nas,
EJ4,4,400,2/8/2018,e.jonah,nas,
EJ5,5,200,2/8/2018,e.jonah,nas,
EJ6,6,400,2/8/2018,e.jonah,nas,
1233,1233,200,2/8/2018,e.jonah,nas,
IB1,1,200,2/8/2018,I.hassan,nas,
IB2,2,200,2/8/2018,I.hassan,nas,
IB3,3,200,2/8/2018,I.hassan,nas,
IB4,4,200,2/8/2018,I.hassan,nas,
IB5,5,400,2/8/2018,I.hassan,nas,
1240,1240,200,2/8/2018,I.hassan,nas,
MO1,1,200,2/8/2018,m.orume,nas,
MO2,2,400,2/8/2018,m.orume,nas,
MO3,3,200,2/8/2018,m.orume,nas,
RM1,1,400,2/8/2018,m.rachel,nas,
MR2,2,200,2/8/2018,m.rachel,nas,
MR3,3,200,2/8/2018,m.rachel,nas,
MR4,4,400,2/8/2018,m.rachel,nas,
MR5,5,400,2/8/2018,m.rachel,nas,
MR6,6,200,2/8/2018,m.rachel,nas,
NY1,1,200,2/8/2018,n.yunusa,nas,
NY2,2,200,2/8/2018,n.yunusa,nas,
NY3,3,200,2/8/2018,n.yunusa,nas,
NY4,4,200,2/8/2018,n.yunusa,nas,
NY5,5,200,2/8/2018,n.yunusa,nas,
PT1,1,200,2/8/2018,p.thomas,nas,
PT2,2,400,2/8/2018,p.thomas,nas,
PT3,3,200,2/8/2018,p.thomas,nas,
PT4,4,200,2/8/2018,p.thomas,nas,
PT5,5,200,2/8/2018,p.thomas,nas,
PT6,6,400,2/8/2018,p.thomas,nas,
1237,1237,0,2/8/2018,p.thomas,nas,
TA1,1,200,2/8/2018,t.ahmadu,nas,
TA2,2,200,2/8/2018,t.ahmadu,nas,
BI1,1,400,2/9/2018,b.idris,nas,
BI2,2,400,2/9/2018,b.idris,nas,
BI3,3,400,2/9/2018,b.idris,nas,
BI4,4,200,2/9/2018,b.idris,nas,
1238,1238,400,2/9/2018,b.idris,nas,
DA1,1,400,2/9/2018,d.alahirah,nas,
DA2,2,200,2/9/2018,d.alahirah,nas,
DA3,3,200,2/9/2018,d.alahirah,nas,
DD1,1,400,2/9/2018,d.daniel,nas,
DD2,2,200,2/9/2018,d.daniel,nas,
DD3,3,200,2/9/2018,d.daniel,nas,
DD4,4,200,2/9/2018,d.daniel,nas,
EJ1,1,200,2/9/2018,e.jonah,nas,
EJ2,2,400,2/9/2018,e.jonah,nas,
EJ3,3,400,2/9/2018,e.jonah,nas,
EJ4,4,200,2/9/2018,e.jonah,nas,
1239,1239,200,2/9/2018,e.jonah,nas,
IH1,1,200,2/9/2018,I.hassan,nas,
IH2,2,600,2/9/2018,I.hassan,nas,
IH3,3,400,2/9/2018,I.hassan,nas,
IH4,4,200,2/9/2018,I.hassan,nas,
IH5,5,200,2/9/2018,I.hassan,nas,
MO1,1,200,2/9/2018,m.orume,nas,
MO2,2,200,2/9/2018,m.orume,nas,
MO3,3,200,2/9/2018,m.orume,nas,
MR1,1,200,2/9/2018,m.rachel,nas,
MR2,2,200,2/9/2018,m.rachel,nas,
MR3,3,300,2/9/2018,m.rachel,nas,
NY1,1,400,2/9/2018,n.yunusa,nas,
NY2,2,200,2/9/2018,n.yunusa,nas,
NY3,3,100,2/9/2018,n.yunusa,nas,
PT1,1,200,2/9/2018,p.thomas,nas,
PT2,2,200,2/9/2018,p.thomas,nas,
PT3,3,200,2/9/2018,p.thomas,nas,
PT4,4,0,2/9/2018,P.thomas,nas,
1242,1242,400,2/9/2018,p.thomas,nas,
1094,1094,200,2/11/2018,a.bako,nas,
AB1,1,200,2/11/2018,a.bako,nas,
BI1,1,400,2/11/2018,b.idris,nas,
DA1,1,400,2/11/2018,d.alahirah,nas,
1071,1071,200,2/11/2018,d.alahirah,nas,
1073,1073,200,2/11/2018,d.alahirah,nas,
DD1,1,200,2/11/2018,d.daniel,nas,
DD2,2,200,2/11/2018,d.daniel,nas,
1075,1075,200,2/11/2018,d.daniel,nas,
1084,1084,200,2/11/2018,e.jonah,nas,
EJ1,1,200,2/11/2018,e.jonah,nas,
EJ2,2,200,2/11/2018,e.jonah,nas,
EJ3,3,800,2/11/2018,e.jonah,nas,
IB1,1,200,2/11/2018,I.hassan,nas,
1093,1093,200,2/11/2018,I.hassan,nas,
IB2,2,300,2/11/2018,i.hassan,nas,
MO1,1,200,2/11/2018,m.orume,nas,
RM1,1,500,2/11/2018,m.rachel,nas,
1072,1072,400,2/11/2018,m.rachel,nas,
1077,1077,400,2/11/2018,n.yunusa,nas,
1079,1079,200,2/11/2018,n.yunusa,nas,
1096,1096,200,2/11/2018,p.thomas,nas,
PT1,1,200,2/11/2018,p.thomas,nas,
AB1,1,600,2/12/2018,a.bako,nas,
AB2,2,200,2/12/2018,a.bako,nas,
AB3,3,0,2/12/2018,a.bako,nas,
AB4,4,200,2/12/2018,a.bako,nas,
BI1,1,600,2/12/2018,b.idris,nas,
BI2,2,200,2/12/2018,b.idris,nas,
BI3,3,400,2/12/2018,b.idris,nas,
BI4,4,200,2/12/2018,b.idris,nas,
DD1,1,600,2/12/2018,d.daniel,nas,
DD2,2,600,2/12/2018,d.daniel,nas,
DD3,3,200,2/12/2018,d.daniel,nas,
DD4,4,600,2/12/2018,d.daniel,nas,
1070,1070,200,2/12/2018,d.daniel,nas,
DA1,1,200,2/12/2018,d.alahirah,nas,
DA2,2,300,2/12/2018,d.alahirah,nas,
DA3,3,100,2/12/2018,d.alahirah,nas,
DA4,4,0,2/12/2018,d.alahirah,nas,
1078,1078,200,2/12/2018,d.alahirah,nas,
EJ1,1,0,2/12/2018,e.jonah,nas,
EJ2,2,200,2/12/2018,e.jonah,nas,
EJ3,3,400,2/12/2018,e.jonah,nas,
EJ4,4,200,2/12/2018,e.jonah,nas,
IB1,1,200,2/12/2018,I.hassan,nas,
IB2,2,200,2/12/2018,i.hassan,nas,
IB3,3,400,2/12/2018,i.hassan,nas,
1074,1074,500,2/12/2018,I.hassan,nas,
MO1,1,200,2/12/2018,m.orume,nas,
M02,2,500,2/12/2018,m.orume,nas,
M03,3,50,2/12/2018,m.orume,nas,
1076,1076,200,2/12/2018,m.orume,nas,
RM1,1,400,2/12/2018,m.rachel,nas,
RM2,2,200,2/12/2018,m.rachel,nas,
RM3,3,200,2/12/2018,m.rachel,nas,
RM4,4,400,2/12/2018,m.rachel,nas,
NY1,1,600,2/12/2018,n.yunusa,nas,
NY2,2,200,2/12/2018,n.yunusa,nas,
NY3,3,30,2/12/2018,n.yunusa,nas,
NY4,4,100,2/12/2018,n.yunusa,nas,
PT1,1,200,2/12/2018,p.thomas,nas,
PT2,2,200,2/12/2018,p.thomas,nas,
PT3,3,600,2/12/2018,p.thomas,nas,
PT4,4,800,2/12/2018,p.thomas,nas,
1090,1090,200,2/13/2018,a.bako,nas,
AB1,1,200,2/13/2018,a.bako,nas,
AB2,2,200,2/13/2018,a.bako,nas,
AB3,3,50,2/13/2018,a.bako,nas,
AB4,4,200,2/13/2018,a.bako,nas,
AB5,5,200,2/13/2018,a.bako,nas,
1179,1179,400,2/13/2018,b.idris,nas,
BI1,1,200,2/13/2018,b.idris,nas,
BI2,2,200,2/13/2018,b.idris,nas,
BI3,3,200,2/13/2018,b.idris,nas,
BI4,4,200,2/13/2018,b.idris,nas,
BI5,5,400,2/13/2018,b.idris,nas,
1086,1086,200,2/13/2018,d.alahirah,nas,
DA1,1,200,2/13/2018,d.alahirah,nas,
DA2,2,0,2/13/2018,d.alahirah,nas,
DA3,3,200,2/13/2018,d.alahirah,nas,
DA4,4,200,2/13/2018,d.alahirah,nas,
DA5,5,400,2/13/2018,d.alahirah,nas,
DD1,1,200,2/13/2018,d.daniel,nas,
DD2,2,200,2/13/2018,d.daniel,nas,
DD3,3,200,2/13/2018,d.daniel,nas,
DD4,4,200,2/13/2018,d.daniel,nas,
DD5,5,200,2/13/2018,d.daniel,nas,
EJ1,1,400,2/13/2018,e.jonah,nas,
EJ2,2,400,2/13/2018,e.jonah,nas,
EJ3,3,400,2/13/2018,e.jonah,nas,
EJ4,4,800,2/13/2018,e.jonah,nas,
EJ5,5,400,2/13/2018,e.jonah,nas,
1088,1088,200,2/13/2018,e.jonah,nas,
1175,1175,200,2/13/2018,i.hassan,nas,
IB1,1,200,2/13/2018,i.hassan,nas,
IB2,2,200,2/13/2018,i.hassan,nas,
IB3,3,200,2/13/2018,i.hassan,nas,
IB4,4,300,2/13/2018,i.hassan,nas,
IB5,5,400,2/13/2018,i.hassan,nas,
MO1,1,600,2/13/2018,m.orume,nas,
MO2,2,600,2/13/2018,m.orume,nas,
MO3,3,400,2/13/2018,m.orume,nas,
MO4,4,400,2/13/2018,m.orume,nas,
MO5,5,200,2/13/2018,m.orume,nas,
MR1,1,200,2/13/2018,m.rachel,nas,
MR2,2,200,2/13/2018,m.rachel,nas,
MR3,3,200,2/13/2018,m.rachel,nas,
MR4,4,200,2/13/2018,m.rachel,nas,
MR5,5,200,2/13/2018,m.rachel,nas,
NY1,1,600,2/13/2018,n.yunusa,nas,
NY2,2,200,2/13/2018,n.yunusa,nas,
NY3,3,400,2/13/2018,n.yunusa,nas,
NY4,4,200,2/13/2018,n.yunusa,nas,
NY5,5,200,2/13/2018,n.yunusa,nas,
1177,1177,200,2/13/2018,p.thomas,nas,
PT1,1,600,2/13/2018,p.thomas,nas,
PT2,2,200,2/13/2018,p.thomas,nas,
PT3,3,150,2/13/2018,p.thomas,nas,
PT4,4,200,2/13/2018,p.thomas,nas,
PT5,5,200,2/13/2018,p.thomas,nas,
1261,1261,100,2/14/2018,a.bako,nas,
AB1,1,200,2/14/2018,a.bako,nas,
AB2,2,50,2/14/2018,a.bako,nas,
AB3,3,200,2/14/2018,a.bako,nas,
1259,1259,600,2/14/2018,b.idris,nas,
BI1,1,600,2/14/2018,b.idris,nas,
BI2,2,400,2/14/2018,b.idris,nas,
BI3,3,400,2/14/2018,b.idris,nas,
1270,1270,200,2/14/2018,d.alahirah,nas,
1271,1271,200,2/14/2018,d.daniel,nas,
1272,1272,200,2/14/2018,d.daniel,nas,
EJ1,1,400,2/14/2018,e.jonah,nas,
EJ2,2,1100,2/14/2018,e.jonah,nas,
EJ3,3,50,2/14/2018,e.jonah,nas,
1254,1254,400,2/14/2018,i.hassan,nas,
1255,1255,100,2/14/2018,i.hassan,nas,
IB1,1,200,2/14/2018,i.hassan,nas,
IB2,2,200,2/14/2018,i.hassan,nas,
1267,1267,200,2/14/2018,m.orume,nas,
1263,1263,200,2/14/2018,m.rachel,nas,
1264,1264,200,2/14/2018,m.rachel,nas,
1265,1265,200,2/14/2018,n.yunusa,nas,
1266,1266,400,2/14/2018,n.yunusa,nas,
1262,1262,200,2/14/2018,p.thomas,nas,
PT1,1,400,2/14/2018,p.thomas,nas,
PT2,2,200,2/14/2018,p.thomas,nas,
PT3,3,200,2/14/2018,p.thomas,nas,
AB1,1,70,2/15/2018,a.bako,nas,
AB2,2,200,2/15/2018,a.bako,nas,
AB3,3,200,2/15/2018,a.bako,nas,
AB4,4,200,2/15/2018,a.bako,nas,
AB5,5,200,2/15/2018,a.bako,nas,
BI1,1,400,2/15/2018,b.idris,nas,
BI2,2,600,2/15/2018,b.idris,nas,
BI3,3,600,2/15/2018,b.idris,nas,
BI4,4,400,2/15/2018,b.idris,nas,
BI5,5,200,2/15/2018,b.idris,nas,
1268,1268,200,2/15/2018,d.alahirah,nas,
DA1,1,400,2/15/2018,d.alahirah,nas,
DA2,2,400,2/15/2018,d.alahirah,nas,
DA3,3,400,2/15/2018,d.alahirah,nas,
DA4,4,200,2/15/2018,d.alahirah,nas,
DA5,5,200,2/15/2018,d.alahirah,nas,
DA6,6,200,2/15/2018,d.alahirah,nas,
1269,1269,400,2/15/2018,d.daniel,nas,
DD1,1,400,2/15/2018,d.daniel,nas,
DD2,2,400,2/15/2018,d.daniel,nas,
DD3,3,200,2/15/2018,d.daniel,nas,
DD4,4,200,2/15/2018,d.daniel,nas,
DD5,5,0,2/15/2018,d.daniel,nas,
1257,1257,400,2/15/2018,e.jonah,nas,
EJ1,1,200,2/15/2018,e.jonah,nas,
EJ2,2,400,2/15/2018,e.jonah,nas,
EJ3,3,600,2/15/2018,e.jonah,nas,
EJ4,4,400,2/15/2018,e.jonah,nas,
EJ5,5,200,2/15/2018,e.jonah,nas,
1253,1253,100,2/15/2018,i.hassan,nas,
1253,1256,200,2/15/2018,i.hassan,nas,
IB1,1,200,2/15/2018,i.hassan,nas,
IB2,2,200,2/15/2018,i.hassan,nas,
IB3,3,200,2/15/2018,i.hassan,nas,
IB4,4,400,2/15/2018,i.hassan,nas,
MO1,1,400,2/15/2018,m.orume,nas,
MO2,2,0,2/15/2018,m.orume,nas,
MO3,3,200,2/15/2018,m.orume,nas,
MO4,4,300,2/15/2018,m.orume,nas,
MO5,5,200,2/15/2018,m.orume,nas,
MO6,6,400,2/15/2018,m.orume,nas,
MR1,1,600,2/15/2018,m.rachel,nas,
MR2,2,600,2/15/2018,m.rachel,nas,
MR3,3,400,2/15/2018,m.rachel,nas,
MR4,4,200,2/15/2018,m.rachel,nas,
MR5,5,200,2/15/2018,m.rachel,nas,
MR6,6,400,2/15/2018,m.rachel,nas,
NY1,1,200,2/15/2018,n.yunusa,nas,
NY2,2,200,2/15/2018,n.yunusa,nas,
NY3,3,200,2/15/2018,n.yunusa,nas,
NY4,4,400,2/15/2018,n.yunusa,nas,
NY5,5,200,2/15/2018,n.yunusa,nas,
1258,1258,400,2/15/2018,p.thomas,nas,
1260,1260,400,2/15/2018,p.thomas,nas,
PT1,1,200,2/15/2018,p.thomas,nas,
PT2,2,100,2/15/2018,p.thomas,nas,
PT3,3,200,2/15/2018,p.thomas,nas,
PT4,4,200,2/15/2018,p.thomas,nas,
PT5,5,400,2/15/2018,p.thomas,nas,
,1,200,2/16/2018,a.bako,nas,pastoralists
,2,200,2/16/2018,a.bako,nas,
,3,200,2/16/2018,a.bako,nas,
,1,200,2/16/2018,b.idris,nas,pastoralists
,2,600,2/16/2018,b.idris,nas,
,3,400,2/16/2018,b.idris,nas,
,1,200,2/16/2018,d.alahirah,nas,farm
,2,200,2/16/2018,d.alahirah,nas,
,3,400,2/16/2018,d.alahirah,nas,
,4,200,2/16/2018,d.alahirah,nas,
,1,200,2/16/2018,d.daniel,nas,
,2,200,2/16/2018,d.daniel,nas,
,3,200,2/16/2018,d.daniel,nas,
,4,200,2/16/2018,d.daniel,nas,
,5,200,2/16/2018,d.daniel,nas,
,1,400,2/16/2018,e.jonah,nas,
,2,400,2/16/2018,e.jonah,nas,
,3,200,2/16/2018,e.jonah,nas,
,1,500,2/16/2018,m.orume,nas,farm
,2,500,2/16/2018,m.orume,nas,
,3,500,2/16/2018,m.orume,nas,
,4,300,2/16/2018,m.orume,nas,
,5,100,2/16/2018,m.orume,nas,
,1,400,2/16/2018,m.rachel,nas,farm
,2,400,2/16/2018,m.rachel,nas,
,3,200,2/16/2018,m.rachel,nas,
,4,200,2/16/2018,m.rachel,nas,
,1,200,2/16/2018,n.yunusa,nas,
,2,400,2/16/2018,n.yunusa,nas,
,3,200,2/16/2018,n.yunusa,nas,
,4,20,2/16/2018,n.yunusa,nas,
,5,200,2/16/2018,n.yunusa,nas,
,1,200,2/16/2018,p.thomas,nas,pastoralists
,2,100,2/16/2018,p.thomas,nas,
,3,200,2/16/2018,p.thomas,nas,
,1287,800,2/17/2018,a.bako,nas,
,1,200,2/17/2018,a.bako,nas,
,2,200,2/17/2018,a.bako,nas,
,3,200,2/17/2018,a.bako,nas,
,4,200,2/17/2018,a.bako,nas,
,1289,200,2/17/2018,b.idris,nas,
,1,400,2/17/2018,b.idris,nas,
,2,800,2/17/2018,b.idris,nas,
,1,400,2/17/2018,d.alahirah,nas,
,2,200,2/17/2018,d.alahirah,nas,
,1276,400,2/17/2018,d.daniel,nas,
,1281,400,2/17/2018,d.daniel,nas,
,1,0,2/17/2018,d.daniel,nas,
,2,200,2/17/2018,d.daniel,nas,
,1284,800,2/17/2018,e.jonah,nas,
,1285,800,2/17/2018,e.jonah,nas,
,1,800,2/17/2018,e.jonah,nas,
,2,800,2/17/2018,e.jonah,nas,
,3,800,2/17/2018,e.jonah,nas,
,1,200,2/17/2018,m.orume,nas,
,1,800,2/17/2018,m.rachel,nas,
,1274,400,2/17/2018,n.yunusa,nas,
,1,200,2/17/2018,n.yunusa,nas,
,1,800,2/17/2018,p.thomas,nas,agudu
,2,200,2/17/2018,p.thomas,nas,
,3,200,2/17/2018,p.thomas,nas,
,4,200,2/17/2018,p.thomas,nas,
,5,400,2/17/2018,p.thomas,nas,
,1286,200,2/18/2018,a.bako,nas,
,1292,100,2/18/2018,a.bako,nas,
,1,200,2/18/2018,a.bako,nas,
,2,200,2/18/2018,a.bako,nas,
,3,800,2/18/2018,a.bako,nas,
,4,200,2/18/2018,a.bako,nas,
,5,200,2/18/2018,a.bako,nas,
,6,200,2/18/2018,a.bako,nas,
,1283,400,2/18/2018,b.idris,nas,
,1,800,2/18/2018,b.idris,nas,
,2,200,2/18/2018,b.idris,nas,
,3,200,2/18/2018,b.idris,nas,
,4,400,2/18/2018,b.idris,nas,
,5,400,2/18/2018,b.idris,nas,
,6,200,2/18/2018,b.idris,nas,
,7,400,2/18/2018,b.idris,nas,
,1282,400,2/18/2018,d.alahirah,nas,
,1,200,2/18/2018,d.alahirah,nas,
,2,200,2/18/2018,d.alahirah,nas,
,3,0,2/18/2018,d.alahirah,nas,
,4,400,2/18/2018,d.alahirah,nas,
,5,100,2/18/2018,d.alahirah,nas,
,1,200,2/18/2018,d.daniel,nas,
,2,200,2/18/2018,d.daniel,nas,
,3,200,2/18/2018,d.daniel,nas,
,4,200,2/18/2018,d.daniel,nas,
,5,200,2/18/2018,d.daniel,nas,
,1290,800,2/18/2018,e.jonah,nas,
,1,800,2/18/2018,e.jonah,nas,
,2,200,2/18/2018,e.jonah,nas,
,3,400,2/18/2018,e.jonah,nas,
,4,200,2/18/2018,e.jonah,nas,
,5,200,2/18/2018,e.jonah,nas,
,6,200,2/18/2018,e.jonah,nas,
,1,200,2/18/2018,m.orume,nas,
,2,200,2/18/2018,m.orume,nas,
,3,400,2/18/2018,m.orume,nas,
,4,800,2/18/2018,m.orume,nas,
,5,200,2/18/2018,m.orume,nas,
,1,200,2/18/2018,m.rachel,nas,
,2,200,2/18/2018,m.rachel,nas,
,3,200,2/18/2018,m.rachel,nas,
,4,600,2/18/2018,m.rachel,nas,
,5,400,2/18/2018,m.rachel,nas,
,1279,200,2/18/2018,n.yunusa,nas,
,1280,200,2/18/2018,n.yunusa,nas,
,1,100,2/18/2018,n.yunusa,nas,
,2,400,2/18/2018,n.yunusa,nas,
,3,200,2/18/2018,n.yunusa,nas,
,4,50,2/18/2018,n.yunusa,nas,
,5,200,2/18/2018,n.yunusa,nas,
,6,200,2/18/2018,n.yunusa,nas,
,1288,200,2/18/2018,p.thomas,nas,
,1291,200,2/18/2018,p.thomas,nas,
,1,800,2/18/2018,p.thomas,nas,
,2,400,2/18/2018,p.thomas,nas,
,3,600,2/18/2018,p.thomas,nas,
,4,600,2/18/2018,p.thomas,nas,
,5,600,2/18/2018,p.thomas,nas,
,1,200,2/19/2018,a.bako,nas,
,2,200,2/19/2018,a.bako,nas,
,3,100,2/19/2018,a.bako,nas,
,1,400,2/19/2018,b.idris,nas,
,2,200,2/19/2018,b.idris,nas,
,3,400,2/19/2018,b.idris,nas,
,1273,200,2/19/2018,d.alahirah,nas,
,1,200,2/19/2018,d.alahirah,nas,
,2,200,2/19/2018,d.alahirah,nas,
,3,400,2/19/2018,d.alahirah,nas,
,1,200,2/19/2018,d.daniel,nas,
,2,200,2/19/2018,d.daniel,nas,
,3,0,2/19/2018,d.daniel,nas,
,1,100,2/19/2018,e.jonah,nas,
,2,400,2/19/2018,e.jonah,nas,
,3,200,2/19/2018,e.jonah,nas,
,1278,100,2/19/2018,m.orume,nas,
,1,400,2/19/2018,m.orume,nas,
,2,500,2/19/2018,m.orume,nas,
,3,400,2/19/2018,m.orume,nas,
,4,200,2/19/2018,m.orume,nas,
,1277,200,2/19/2018,m.rachel,nas,
,1,200,2/19/2018,m.rachel,nas,
,2,400,2/19/2018,m.rachel,nas,
,3,200,2/19/2018,m.rachel,nas,
,4,200,2/19/2018,m.rachel,nas,
,1,100,2/19/2018,n.yunusa,nas,
,2,800,2/19/2018,n.yunusa,nas,
,3,200,2/19/2018,n.yunusa,nas,
,1,600,2/19/2018,p.thomas,nas,
,2,200,2/19/2018,p.thomas,nas,
,3,400,2/19/2018,p.thomas,nas,
,1308,400,2/20/2018,a.bako,nas,
,1309,200,2/20/2018,a.bako,nas,
,1,200,2/20/2018,a.bako,nas,
,2,200,2/20/2018,a.bako,nas,
,3,200,2/20/2018,a.bako,nas,
,4,200,2/20/2018,a.bako,nas,
,5,90,2/20/2018,a.bako,nas,
,1304,200,2/20/2018,b.idris,nas,past
,1305,400,2/20/2018,b.idris,nas,
,1,400,2/20/2018,b.idris,nas,
,2,200,2/20/2018,b.idris,nas,
,3,200,2/20/2018,b.idris,nas,
,4,200,2/20/2018,b.idris,nas,
,5,200,2/20/2018,b.idris,nas,
,1299,700,2/20/2018,d.alahirah,nas,
,1294,200,2/20/2018,d.daniel,nas,
,1298,200,2/20/2018,d.daniel,nas,
,1306,200,2/20/2018,e.jonah,nas,
,1307,400,2/20/2018,e.jonah,nas,
,1,600,2/20/2018,e.jonah,nas,
,2,400,2/20/2018,e.jonah,nas,
,3,200,2/20/2018,e.jonah,nas,
,4,400,2/20/2018,e.jonah,nas,
,1300,200,2/20/2018,m.orume,nas,
,1293,200,2/20/2018,m.rachel,nas,
,1297,400,2/20/2018,n.yunusa,nas,farm
,1303,400,2/20/2018,p.thomas,nas,
,1,400,2/20/2018,p.thomas,nas,
,2,400,2/20/2018,p.thomas,nas,
,3,200,2/20/2018,p.thomas,nas,
,4,400,2/20/2018,p.thomas,nas,
,5,400,2/20/2018,p.thomas,nas,
,1,50,2/21/2018,a.bako,nas,
,2,200,2/21/2018,a.bako,nas,
,3,200,2/21/2018,a.bako,nas,
,4,200,2/21/2018,a.bako,nas,
,1,400,2/21/2018,b.idris,nas,
,2,200,2/21/2018,b.idris,nas,
,3,200,2/21/2018,b.idris,nas,
,1312,600,2/21/2018,b.idris,nas,
,1,200,2/21/2018,d.alahirah,nas,
,2,400,2/21/2018,d.alahirah,nas,
,3,1000,2/21/2018,d.alahirah,nas,
,4,200,2/21/2018,d.alahirah,nas,
,5,200,2/21/2018,d.alahirah,nas,
,6,200,2/21/2018,d.alahirah,nas,
,1,200,2/21/2018,d.daniel,nas,
,2,200,2/21/2018,d.daniel,nas,
,3,200,2/21/2018,d.daniel,nas,
,4,200,2/21/2018,d.daniel,nas,
,5,200,2/21/2018,d.daniel,nas,
,6,200,2/21/2018,d.daniel,nas,
,1,400,2/21/2018,e.jonah,nas,
,2,800,2/21/2018,e.jonah,nas,
,3,600,2/21/2018,e.jonah,nas,
,4,0,2/21/2018,e.jonah,nas,
,1296,200,2/21/2018,m.orume,nas,
,1301,400,2/21/2018,m.orume,nas,
,1,200,2/21/2018,m.orume,nas,
,2,200,2/21/2018,m.orume,nas,
,3,200,2/21/2018,m.orume,nas,
,4,400,2/21/2018,m.orume,nas,
,5,50,2/21/2018,m.orume,nas,
,6,200,2/21/2018,m.orume,nas,
,1,400,2/21/2018,m.rachel,nas,
,2,400,2/21/2018,m.rachel,nas,
,3,400,2/21/2018,m.rachel,nas,
,4,200,2/21/2018,m.rachel,nas,
,5,400,2/21/2018,m.rachel,nas,
,6,600,2/21/2018,m.rachel,nas,
,1,200,2/21/2018,n.yunusa,nas,
,2,400,2/21/2018,n.yunusa,nas,
,3,200,2/21/2018,n.yunusa,nas,
,4,200,2/21/2018,n.yunusa,nas,
,5,200,2/21/2018,n.yunusa,nas,
,6,1000,2/21/2018,n.yunusa,nas,
,1,200,2/21/2018,p.thomas,nas,
,2,400,2/21/2018,p.thomas,nas,
,3,400,2/21/2018,p.thomas,nas,
,4,400,2/21/2018,p.thomas,nas,
,5,400,2/21/2018,p.thomas,nas,
,1,200,2/22/2018,a.bako,nas,
,2,200,2/22/2018,a.bako,nas,
,3,20,2/22/2018,a.bako,nas,
,4,200,2/22/2018,a.bako,nas,
,1,200,2/22/2018,b.idris,nas,
,2,400,2/22/2018,b.idris,nas,
,3,200,2/22/2018,b.idris,nas,
,1310,800,2/22/2018,b.idris,nas,
,1,0,2/22/2018,d.alahirah,nas,
,2,400,2/22/2018,d.alahirah,nas,
,3,200,2/22/2018,d.alahirah,nas,
,4,200,2/22/2018,d.alahirah,nas,
,1,200,2/22/2018,d.daniel,nas,
,2,400,2/22/2018,d.daniel,nas,
,3,0,2/22/2018,d.daniel,nas,
,4,200,2/22/2018,d.daniel,nas,
,5,200,2/22/2018,d.daniel,nas,
,1,200,2/22/2018,e.jonah,nas,
,2,400,2/22/2018,e.jonah,nas,
,3,400,2/22/2018,e.jonah,nas,
,1311,200,2/22/2018,e.jonah,nas,
,1,0,2/22/2018,m.orume,nas,
,1295,200,2/22/2018,m.orume,nas,
,1302,200,2/22/2018,m.orume,nas,
,2,200,2/22/2018,m.orume,nas,
,1,200,2/22/2018,m.rachel,nas,
,2,200,2/22/2018,m.rachel,nas,
,3,200,2/22/2018,m.rachel,nas,
,4,400,2/22/2018,m.rachel,nas,
,5,200,2/22/2018,m.rachel,nas,
,1,200,2/22/2018,n.yunusa,nas,
,2,200,2/22/2018,n.yunusa,nas,
,3,200,2/22/2018,n.yunusa,nas,
,4,200,2/22/2018,n.yunusa,nas,
,1,200,2/22/2018,p.thomas,nas,
,2,400,2/22/2018,p.thomas,nas,
,3,200,2/22/2018,p.thomas,nas,
,4,200,2/22/2018,p.thomas,nas,
,1,200,2/23/2018,a.bako,nas,
,2,200,2/23/2018,a.bako,nas,
,3,200,2/23/2018,a.bako,nas,
,4,200,2/23/2018,a.bako,nas,
,1334,100,2/23/2018,a.bako,nas,
,1335,200,2/23/2018,a.bako,nas,
,1,600,2/23/2018,b.idris,nas,
,2,600,2/23/2018,b.idris,nas,
,1331,400,2/23/2018,b.idris,nas,
,1333,400,2/23/2018,b.idris,nas,
,1,200,2/23/2018,d.alahirah,nas,
,1314,400,2/23/2018,d.alahirah,nas,
,1321,200,2/23/2018,d.alahirah,nas,
,1,200,2/23/2018,d.daniel,nas,
,1313,200,2/23/2018,d.daniel,nas,
,1316,1000,2/23/2018,d.daniel,nas,
,1318,400,2/23/2018,d.daniel,nas,
,1,200,2/23/2018,e.jonah,nas,
,2,600,2/23/2018,e.jonah,nas,
,3,800,2/23/2018,e.jonah,nas,
,4,600,2/23/2018,e.jonah,nas,
,1,400,2/23/2018,m.orume,nas,
,1315,200,2/23/2018,m.orume,nas,
,1317,400,2/23/2018,m.orume,nas,
,1,500,2/23/2018,m.rachel,nas,
,1319,200,2/23/2018,m.rachel,nas,
,1323,400,2/23/2018,m.rachel,nas,
,1,200,2/23/2018,n.yunusa,nas,
,1320,300,2/23/2018,n.yunusa,nas,
,1322,200,2/23/2018,n.yunusa,nas,
,1,200,2/23/2018,p.thomas,nas,
,2,200,2/23/2018,p.thomas,nas,
,3,200,2/23/2018,p.thomas,nas,
,1332,400,2/23/2018,p.thomas,nas,
,1336,200,2/23/2018,p.thomas,nas,
,1,400,2/24/2018,a.bako,nas,
,2,50,2/24/2018,a.bako,nas,
,3,200,2/24/2018,a.bako,nas,
,4,200,2/24/2018,a.bako,nas,
,5,200,2/24/2018,a.bako,nas,
,6,50,2/24/2018,a.bako,nas,
,1340,200,2/24/2018,a.bako,nas,
,1,200,2/24/2018,b.idris,nas,
,2,800,2/24/2018,b.idris,nas,
,3,200,2/24/2018,b.idris,nas,
,4,200,2/24/2018,b.idris,nas,
,5,250,2/24/2018,b.idris,nas,
,1330,400,2/24/2018,b.idris,nas,
,1337,800,2/24/2018,b.idris,nas,
,1338,200,2/24/2018,b.idris,nas,
,1,200,2/24/2018,d.alahirah,nas,
,2,500,2/24/2018,d.alahirah,nas,
,3,200,2/24/2018,d.alahirah,nas,
,4,100,2/24/2018,d.alahirah,nas,
,5,400,2/24/2018,d.alahirah,nas,
,6,200,2/24/2018,d.alahirah,nas,
,1324,400,2/24/2018,d.alahirah,nas,
,1327,200,2/24/2018,d.alahirah,nas,
,1,200,2/24/2018,d.daniel,nas,
,2,200,2/24/2018,d.daniel,nas,
,3,200,2/24/2018,d.daniel,nas,
,4,200,2/24/2018,d.daniel,nas,
,5,200,2/24/2018,d.daniel,nas,
,6,200,2/24/2018,d.daniel,nas,
,1325,200,2/24/2018,d.daniel,nas,
,1,0,2/24/2018,e.jonah,nas,
,2,200,2/24/2018,e.jonah,nas,
,3,200,2/24/2018,e.jonah,nas,
,4,600,2/24/2018,e.jonah,nas,
,5,400,2/24/2018,e.jonah,nas,
,6,200,2/24/2018,e.jonah,nas,
,1341,400,2/24/2018,e.jonah,nas,
,1328,200,2/24/2018,e.jonah,nas,
,1339,400,2/24/2018,e.jonah,nas,
,1,200,2/24/2018,m.orume,nas,
,2,200,2/24/2018,m.orume,nas,
,3,500,2/24/2018,m.orume,nas,
,4,200,2/24/2018,m.orume,nas,
,5,200,2/24/2018,m.orume,nas,
,1,400,2/24/2018,m.rachel,nas,
,2,200,2/24/2018,m.rachel,nas,
,3,200,2/24/2018,m.rachel,nas,
,4,200,2/24/2018,m.rachel,nas,
,5,400,2/24/2018,m.rachel,nas,
,6,600,2/24/2018,m.rachel,nas,
,7,200,2/24/2018,m.rachel,nas,
,1,20,2/24/2018,n.yunusa,nas,
,2,200,2/24/2018,n.yunusa,nas,
,3,400,2/24/2018,n.yunusa,nas,
,4,200,2/24/2018,n.yunusa,nas,
,5,200,2/24/2018,n.yunusa,nas,
,6,100,2/24/2018,n.yunusa,nas,
,1326,400,2/24/2018,n.yunusa,nas,
,1,200,2/24/2018,p.thomas,nas,
,2,200,2/24/2018,p.thomas,nas,
,3,200,2/24/2018,p.thomas,nas,
,4,200,2/24/2018,p.thomas,nas,
,5,200,2/24/2018,p.thomas,nas,
,6,200,2/24/2018,p.thomas,nas,
,7,100,2/24/2018,p.thomas,nas,
,8,200,2/24/2018,p.thomas,nas,
,1,200,2/25/2018,a.bako,nas,
,2,200,2/25/2018,a.bako,nas,
,1329,200,2/25/2018,a.bako,nas,
,1,600,2/25/2018,b.idris,nas,
,2,200,2/25/2018,b.idris,nas,
,3,200,2/25/2018,b.idris,nas,
,4,400,2/25/2018,b.idris,nas,
,1,200,2/25/2018,d.alahirah,nas,
,2,200,2/25/2018,d.alahirah,nas,
,3,100,2/25/2018,d.alahirah,nas,
,1,0,2/25/2018,d.daniel,nas,
,2,200,2/25/2018,d.daniel,nas,
,3,200,2/25/2018,d.daniel,nas,
,1,200,2/25/2018,e.jonah,nas,
,2,400,2/25/2018,e.jonah,nas,
,3,200,2/25/2018,e.jonah,nas,
,1342,400,2/25/2018,e.jonah,nas,
,1,400,2/25/2018,m.orume,nas,
,2,100,2/25/2018,m.orume,nas,
,3,200,2/25/2018,m.orume,nas,
,1,200,2/25/2018,m.rachel,nas,
,2,200,2/25/2018,m.rachel,nas,
,1,400,2/25/2018,n.yunusa,nas,
,2,400,2/25/2018,n.yunusa,nas,
,3,200,2/25/2018,n.yunusa,nas,
,1,400,2/25/2018,p.thomas,nas,
,2,400,2/25/2018,p.thomas,nas,
,3,200,2/25/2018,p.thomas,nas,
,1,200,2/26/2018,a.bako,nas,
,2,0,2/26/2018,a.bako,nas,
,3,200,2/26/2018,a.bako,nas,
,4,50,2/26/2018,a.bako,nas,
,5,200,2/26/2018,a.bako,nas,
,6,200,2/26/2018,a.bako,nas,
,1,400,2/26/2018,b.idris,nas,
,2,200,2/26/2018,b.idris,nas,
,3,200,2/26/2018,b.idris,nas,
,4,400,2/26/2018,b.idris,nas,
,5,200,2/26/2018,b.idris,nas,
,6,200,2/26/2018,b.idris,nas,
,1,50,2/26/2018,d.alahirah,nas,
,2,400,2/26/2018,d.alahirah,nas,
,1,400,2/26/2018,d.daniel,nas,
,2,200,2/26/2018,d.daniel,nas,
,3,200,2/26/2018,d.daniel,nas,
,1,200,2/26/2018,e.jonah,nas,
,2,200,2/26/2018,e.jonah,nas,
,3,600,2/26/2018,e.jonah,nas,
,4,200,2/26/2018,e.jonah,nas,
,5,100,2/26/2018,e.jonah,nas,
,6,200,2/26/2018,e.jonah,nas,
,1,600,2/26/2018,m.orume,nas,
,2,200,2/26/2018,m.orume,nas,
,3,200,2/26/2018,m.orume,nas,
,1,200,2/26/2018,m.rachel,nas,
,2,200,2/26/2018,m.rachel,nas,
,1,200,2/26/2018,n.yunusa,nas,
,2,200,2/26/2018,n.yunusa,nas,
,3,100,2/26/2018,n.yunusa,nas,
,4,200,2/26/2018,n.yunusa,nas,
,5,200,2/26/2018,n.yunusa,nas,
,1353,0,2/26/2018,n.yunusa,nas,
,1,200,2/26/2018,p.thomas,nas,
,2,400,2/26/2018,p.thomas,nas,
,3,200,2/26/2018,p.thomas,nas,
,1,200,2/27/2018,a.bako,nas,
,2,200,2/27/2018,a.bako,nas,
,3,200,2/27/2018,a.bako,nas,
,4,400,2/27/2018,a.bako,nas,
,5,200,2/27/2018,a.bako,nas,
,6,200,2/27/2018,a.bako,nas,
,7,200,2/27/2018,a.bako,nas,
,1356,200,2/27/2018,a.bako,nas,
,1,200,2/27/2018,b.idris,nas,
,2,400,2/27/2018,b.idris,nas,
,3,400,2/27/2018,b.idris,nas,
,4,200,2/27/2018,b.idris,nas,
,5,200,2/27/2018,b.idris,nas,
,6,200,2/27/2018,b.idris,nas,
,7,200,2/27/2018,b.idris,nas,
,1355,1000,2/27/2018,b.idris,nas,
,1,400,2/27/2018,d.alahirah,nas,
,2,200,2/27/2018,d.alahirah,nas,
,3,400,2/27/2018,d.alahirah,nas,
,4,400,2/27/2018,d.alahirah,nas,
,5,200,2/27/2018,d.alahirah,nas,
,6,200,2/27/2018,d.alahirah,nas,
,7,600,2/27/2018,d.alahirah,nas,
,1345,200,2/27/2018,d.alahirah,nas,
,1346,300,2/27/2018,d.alahirah,nas,
,1379,300,2/27/2018,d.alahirah,nas,
,1,200,2/27/2018,d.daniel,nas,
,2,200,2/27/2018,d.daniel,nas,
,3,200,2/27/2018,d.daniel,nas,
,4,200,2/27/2018,d.daniel,nas,
,5,200,2/27/2018,d.daniel,nas,
,6,200,2/27/2018,d.daniel,nas,
,7,200,2/27/2018,d.daniel,nas,
,1350,400,2/27/2018,d.daniel,nas,
,1352,300,2/27/2018,d.daniel,nas,
,1,200,2/27/2018,e.jonah,nas,
,2,200,2/27/2018,e.jonah,nas,
,3,200,2/27/2018,e.jonah,nas,
,4,200,2/27/2018,e.jonah,nas,
,5,1000,2/27/2018,e.jonah,nas,
,6,800,2/27/2018,e.jonah,nas,
,7,400,2/27/2018,e.jonah,nas,
,1354,800,2/27/2018,e.jonah,nas,
,1,200,2/27/2018,m.orume,nas,
,2,200,2/27/2018,m.orume,nas,
,3,200,2/27/2018,m.orume,nas,
,4,200,2/27/2018,m.orume,nas,
,5,200,2/27/2018,m.orume,nas,
,1351,200,2/27/2018,m.orume,nas,
,1348,200,2/27/2018,m.orume,nas,
,1,600,2/27/2018,m.rachel,nas,
,2,200,2/27/2018,m.rachel,nas,
,3,200,2/27/2018,m.rachel,nas,
,4,400,2/27/2018,m.rachel,nas,
,5,200,2/27/2018,m.rachel,nas,
,6,200,2/27/2018,m.rachel,nas,
,7,200,2/27/2018,m.rachel,nas,
,1343,200,2/27/2018,m.rachel,nas,
,1,400,2/27/2018,n.yunusa,nas,
,2,200,2/27/2018,n.yunusa,nas,
,3,400,2/27/2018,n.yunusa,nas,
,4,50,2/27/2018,n.yunusa,nas,
,5,400,2/27/2018,n.yunusa,nas,
,6,400,2/27/2018,n.yunusa,nas,
,7,200,2/27/2018,n.yunusa,nas,
,1,200,2/27/2018,p.thomas,nas,
,2,200,2/27/2018,p.thomas,nas,
,3,800,2/27/2018,p.thomas,nas,
,4,200,2/27/2018,p.thomas,nas,
,5,200,2/27/2018,p.thomas,nas,
,6,400,2/27/2018,p.thomas,nas,
,1344,200,2/27/2018,p.thomas,nas,
,1347,400,2/27/2018,p.thomas,nas,
,1359,400,2/28/2018,a.bako,nas,
,1357,200,2/28/2018,a.bako,nas,
,1360,600,2/28/2018,b.idris,nas,
,1,200,2/28/2018,d.alahirah,nas,
,1,200,2/28/2018,d.daniel,nas,
,2,200,2/28/2018,d.daniel,nas,
,1,600,2/28/2018,e.jonah,nas,
,1,200,2/28/2018,m.orume,nas,
,1,200,2/28/2018,m.rachel,nas,
,1362,400,2/28/2018,n.yunusa,nas,
,1361,400,2/28/2018,n.yunusa,nas,
,1,100,2/28/2018,p.thomas,nas,
,1,200,10/4/2018,a.simon,ben,
,2,200,10/4/2018,a.simon,ben,
,2003,200,10/4/2018,a.simon,ben,
,1,200,10/4/2018,d.ruth,ben,
,2007,200,10/4/2018,d.ruth,ben,
,1,200,10/4/2018,f.gbenyi,ben,
,2,200,10/4/2018,f.gbenyi,ben,
,2004,200,10/4/2018,f.gbenyi,ben,comm_leader
,1,400,10/4/2018,f.onoja,ben,
,2,500,10/4/2018,f.onoja,ben,
,2002,400,10/4/2018,f.onoja,ben,
,1,200,10/4/2018,i.iorkegh,ben,
,2006,400,10/4/2018,i.iorkegh,ben,
,1,0,10/4/2018,i.shiana,ben,
,2,200,10/4/2018,i.shiana,ben,
,2008,200,10/4/2018,i.shiana,ben,
,1,200,10/4/2018,l.aule,ben,
,2001,200,10/4/2018,l.aule,ben,
,2009,400,10/4/2018,l.aule,ben,
,1,200,10/4/2018,n.vincent,ben,
,2,200,10/4/2018,n.vincent,ben,
,2000,200,10/4/2018,n.vincent,ben,
,1,200,10/4/2018,t.ikyaave,ben,
,2,200,10/4/2018,t.ikyaave,ben,
,2005,200,10/4/2018,t.ikyaave,ben,
,1,200,11/4/2018,a.simon,ben,
,2,0,11/4/2018,a.simon,ben,
,3,200,11/4/2018,a.simon,ben,
,1,200,11/4/2018,d.ruth,ben,
,2,200,11/4/2018,d.ruth,ben,
,3,250,11/4/2018,d.ruth,ben,
,4,200,11/4/2018,d.ruth,ben,
,1,1000,11/4/2018,f.gbenyi,ben,
,2,200,11/4/2018,f.gbenyi,ben,
,1,200,11/4/2018,f.onoja,ben,
,2,200,11/4/2018,f.onoja,ben,
,3,1000,11/4/2018,f.onoja,ben,
,1,0,11/4/2018,i.shiana,ben,
,2,200,11/4/2018,i.shiana,ben,
,3,200,11/4/2018,i.shiana,ben,
,1,1000,11/4/2018,l.aule,ben,
,2,200,11/4/2018,l.aule,ben,
,3,200,11/4/2018,n.vincent,ben,
,1,100,11/4/2018,m.orga,ben,
,2,500,11/4/2018,m.orga,ben,
,1,400,11/4/2018,n.vincent,ben,
,2,200,11/4/2018,n.vincent,ben,
,1,200,11/4/2018,t.ikyaave,ben,
,2,200,11/4/2018,t.ikyaave,ben,
,3,200,11/4/2018,t.ikyaave,ben,
,1,50,12/4/2018,a.simon,ben,
,2,0,12/4/2018,a.simon,ben,
,3,0,12/4/2018,a.simon,ben,
,4,0,12/4/2018,a.simon,ben,
,5,30,12/4/2018,a.simon,ben,
,1,0,12/4/2018,d.ruth,ben,
,2,200,12/4/2018,d.ruth,ben,
,3,0,12/4/2018,d.ruth,ben,
,4,0,12/4/2018,d.ruth,ben,
,5,200,12/4/2018,d.ruth,ben,
,1,0,12/4/2018,f.gbenyi,ben,
,2,200,12/4/2018,f.gbenyi,ben,
,3,0,12/4/2018,f.gbenyi,ben,
,4,0,12/4/2018,f.gbenyi,ben,
,2014,0,12/4/2018,f.gbenyi,ben,
,1,0,12/4/2018,f.onoja ,ben,
,2,200,12/4/2018,f.onoja ,ben,
,3,0,12/4/2018,f.onoja ,ben,
,4,0,12/4/2018,f.onoja ,ben,
,2019,0,12/4/2018,f.onoja ,ben,
,1,200,12/4/2018,i.shiana,ben,
,2,200,12/4/2018,i.shiana,ben,
,3,200,12/4/2018,i.shiana,ben,
,2012,200,12/4/2018,i.shiana,ben,
,1,200,12/4/2018,l.aule,ben,
,2,200,12/4/2018,l.aule,ben,
,3,200,12/4/2018,l.aule,ben,
,4,0,12/4/2018,l.aule,ben,
,1,200,12/4/2018,m.orga,ben,
,2,0,12/4/2018,m.orga,ben,
,3,0,12/4/2018,m.orga,ben,
,4,0,12/4/2018,m.orga,ben,
,1,0,12/4/2018,n.vincent,ben,
,2,200,12/4/2018,n.vincent,ben,
,3,200,12/4/2018,n.vincent,ben,
,4,200,12/4/2018,n.vincent,ben,
,1,200,12/4/2018,t.ikyaave,ben,
,2,200,12/4/2018,t.ikyaave,ben,
,2013,200,12/4/2018,t.ikyaave,ben,
,2015,400,12/4/2018,t.ikyaave,ben,
,1,200,13/4/2018,a.simon,ben,
,2017,100,13/4/2018,a.simon,ben,
,1,200,13/4/2018,d.ruth,ben,
,2016,100,13/4/2018,d.ruth,ben,
,1,100,13/4/2018,f.onoja,ben,
,2,200,13/4/2018,f.onoja,ben,
,1,200,13/4/2018,i.shiana,ben,
,2,400,13/4/2018,i.shiana,ben,
,1,200,13/4/2018,l.aule,ben,
,2,200,13/4/2018,l.aule,ben,
,2010,100,13/4/2018,l.aule,ben,
,1,200,13/4/2018,m.orga,ben,
,2,100,13/4/2018,m.orga,ben,
,2011,200,13/4/2018,m.orga,ben,
,1,0,13/4/2018,n.vincent,ben,
,2,200,13/4/2018,n.vincent,ben,
,2018,100,13/4/2018,n.vincent,ben,
,1,150,13/4/2018,t.ikyaave,ben,
,2,50,13/4/2018,t.ikyaave,ben,
,3,50,13/4/2018,t.ikyaave,ben,
,1,200,14/4/2018,a.simon,ben,
,2,200,14/4/2018,a.simon,ben,
,3,50,14/4/2018,a.simon,ben,
,4,200,14/4/2018,a.simon,ben,
,2025,200,14/4/2018,a.simon,ben,
,1,100,14/4/2018,d.ruth,ben,
,2,200,14/4/2018,d.ruth,ben,
,3,200,14/4/2018,d.ruth,ben,
,4,200,14/4/2018,d.ruth,ben,
,2021,200,14/4/2018,d.ruth,ben,
,1,200,14/4/2018,f.gbenyi,ben,
,2,200,14/4/2018,f.gbenyi,ben,
,3,200,14/4/2018,f.gbenyi,ben,
,2029,0,14/4/2018,f.gbenyi,ben,
,1,200,14/4/2018,f.onoja,ben,
,2,200,14/4/2018,f.onoja,ben,
,3,200,14/4/2018,f.onoja,ben,
,4,200,14/4/2018,f.onoja,ben,
,2022,200,14/4/2018,f.onoja,ben,
,1,200,14/4/2018,i.iorkegh,ben,
,2,200,14/4/2018,i.iorkegh,ben,
,3,0,14/4/2018,i.iorkegh,ben,
,2026,200,14/4/2018,i.iorkegh,ben,
,1,200,14/4/2018,i.shiana,ben,
,2,200,14/4/2018,i.shiana,ben,
,3,200,14/4/2018,i.shiana,ben,
,2023,0,14/4/2018,i.shiana,ben,
,1,200,14/4/2018,l.aule,ben,
,2,200,14/4/2018,l.aule,ben,
,3,200,14/4/2018,l.aule,ben,
,2024,200,14/4/2018,l.aule,ben,
,1,200,14/4/2018,m.orga,ben,
,2,200,14/4/2018,m.orga,ben,
,3,200,14/4/2018,m.orga,ben,
,4,200,14/4/2018,m.orga,ben,
,2020,100,14/4/2018,m.orga,ben,
,1,200,14/4/2018,n.vincent,ben,
,2,100,14/4/2018,n.vincent,ben,
,3,200,14/4/2018,n.vincent,ben,
,4,200,14/4/2018,n.vincent,ben,
,2027,0,14/4/2018,n.vincent,ben,
,1,200,14/4/2018,t.ikyaave,ben,
,2,200,14/4/2018,t.ikyaave,ben,
,3,200,14/4/2018,t.ikyaave,ben,
,2028,400,14/4/2018,t.ikyaave,ben,
,1,200,16/4/2018,a.simon,ben,
,1,200,16/4/2018,d.ruth,ben,
,2,200,16/4/2018,d.ruth,ben,
,1,400,16/4/2018,f.gbenyi,ben,
,1,200,16/4/2018,f.onoja,ben,
,2,200,16/4/2018,f.onoja,ben,
,1,200,16/4/2018,i.shiana,ben,
,2,200,16/4/2018,i.shiana,ben,
,1,200,16/4/2018,l.aule,ben,
,2,200,16/4/2018,l.aule,ben,
,1,200,16/4/2018,m.orga,ben,
,2,200,16/4/2018,m.orga,ben,
,1,200,16/4/2018,n.vincent,ben,
,1,200,16/4/2018,t.ikyaave,ben,
,2,200,16/4/2018,t.ikyaave,ben,
,1,200,17/4/2018,a.simon,ben,
,2,100,17/4/2018,a.simon,ben,
,3,200,17/4/2018,a.simon,ben,
,4,200,17/4/2018,a.simon,ben,
,1,200,17/4/2018,d.ruth,ben,
,2,200,17/4/2018,d.ruth,ben,
,3,200,17/4/2018,d.ruth,ben,
,4,200,17/4/2018,d.ruth,ben,
,1,200,17/4/2018,f.gbenyi,ben,
,2,200,17/4/2018,f.gbenyi,ben,
,3,300,17/4/2018,f.gbenyi,ben,
,4,200,17/4/2018,f.gbenyi,ben,
,1,200,17/4/2018,f.onoja,ben,
,2,200,17/4/2018,f.onoja,ben,
,3,200,17/4/2018,f.onoja,ben,
,4,400,17/4/2018,f.onoja,ben,
,1,0,17/4/2018,i.iorkegh,ben,
,2,200,17/4/2018,i.iorkegh,ben,
,3,200,17/4/2018,i.iorkegh,ben,
,4,200,17/4/2018,i.iorkegh,ben,
,1,0,17/4/2018,i.shiana,ben,
,2,200,17/4/2018,i.shiana,ben,
,3,200,17/4/2018,i.shiana,ben,
,4,200,17/4/2018,i.shiana,ben,
,1,200,17/4/2018,l.aule,ben,
,2,200,17/4/2018,l.aule,ben,
,3,200,17/4/2018,l.aule,ben,
,4,200,17/4/2018,l.aule,ben,
,1,200,17/4/2018,m.orga,ben,
,2,200,17/4/2018,m.orga,ben,
,3,200,17/4/2018,m.orga,ben,
,4,200,17/4/2018,m.orga,ben,
,1,200,17/4/2018,n.vincent,ben,
,2,200,17/4/2018,n.vincent,ben,
,3,200,17/4/2018,n.vincent,ben,
,4,200,17/4/2018,n.vincent,ben,
,1,200,17/4/2018,t.ikyaave,ben,
,2,0,17/4/2018,t.ikyaave,ben,
,3,200,17/4/2018,t.ikyaave,ben,
,4,100,17/4/2018,t.ikyaave,ben,
,1,200,18/4/2018,a.simon,ben,
,2,0,18/4/2018,a.simon,ben,
,2038,200,18/4/2018,a.simon,ben,
,1,200,18/4/2018,d.ruth,ben,
,2043,200,18/4/2018,d.ruth,ben,
,2031,200,18/4/2018,f.onoja,ben,
,2032,100,18/4/2018,f.gbenyi,ben,
,2039,0,18/4/2018,f.onoja,ben,
,1,200,18/4/2018,f.onoja,ben,
,2034,200,18/4/2018,i.shiana,ben,
,2044,200,18/4/2018,i.shiana,ben,
,2030,200,18/4/2018,l.aule,ben,
,2033,200,18/4/2018,l.aule,ben,
,1,400,18/4/2018,m.orga,ben,
,2037,200,18/4/2018,m.orga,ben,
,1,200,18/4/2018,n.vincent,ben,
,2035,200,18/4/2018,n.vincent,ben,
,2036,200,18/4/2018,n.vincent,ben,
,1,200,18/4/2018,t.ikyaave,ben,
,2,200,18/4/2018,t.ikyaave,ben,
,1,400,19/4/2018,B. Idris ,ben,
,2,600,19/4/2018,B. Idris ,ben,
,3,400,19/4/2018,B. Idris ,ben,
,4,400,19/4/2018,B. Idris ,ben,
,1,600,19/4/2018,e.jonah,ben,
,2,1000,19/4/2018,e.jonah,ben,
,3,400,19/4/2018,e.jonah,ben,
,4,600,19/4/2018,e.jonah,ben,
,1,200,19/4/2018,H. Muhammed,ben,
,2,400,19/4/2018,H. Muhammed,ben,
,3,400,19/4/2018,H. Muhammed,ben,
,4,200,19/4/2018,H. Muhammed,ben,
,1,500,19/4/2018,M. Orume,ben,
,2,200,19/4/2018,M. Orume,ben,
,3,400,19/4/2018,M. Orume,ben,
,4,600,19/4/2018,M. Orume,ben,
,1,0,19/4/2018,N. Yunusa,ben,
,2,1200,19/4/2018,N. Yunusa,ben,
,3,400,19/4/2018,N. Yunusa,ben,
,4,200,19/4/2018,N. Yunusa,ben,
,1,200,19/4/2018,T. Ahmadu,ben,
,2,400,19/4/2018,T. Ahmadu,ben,
,3,1000,19/4/2018,T. Ahmadu,ben,
,4,200,19/4/2018,T. Ahmadu,ben,
,1,400,20/04/2018,B. Idris ,ben,
,2,200,20/04/2018,B. Idris ,ben,
,3,200,20/04/2018,B. Idris ,ben,
,4,200,20/04/2018,B. Idris ,ben,
,3008,200,20/04/2018,B. Idris ,ben,
,3009,200,20/04/2018,B. Idris ,ben,
,1,200,20/04/2018,e.jonah,ben,
,2,200,20/04/2018,e.jonah,ben,
,3,200,20/04/2018,e.jonah,ben,
,4,200,20/04/2018,e.jonah,ben,
,5,200,20/04/2018,e.jonah,ben,
,3003,200,20/04/2018,e.jonah,ben,
,1,200,20/04/2018,H. Muhammed,ben,
,2,200,20/04/2018,H. Muhammed,ben,
,3,200,20/04/2018,H. Muhammed,ben,
,4,200,20/04/2018,H. Muhammed,ben,
,3006,200,20/04/2018,H. Muhammed,ben,
,3007,400,20/04/2018,H. Muhammed,ben,
,3002,200,20/04/2018,M. Orume,ben,
,1,200,20/04/2018,M. Orume,ben,
,2,200,20/04/2018,M. Orume,ben,
,3,200,20/04/2018,M. Orume,ben,
,4,200,20/04/2018,M. Orume,ben,
,5,200,20/04/2018,M. Orume,ben,
,3004,200,20/04/2018,N. Yunusa,ben,
,3005,200,20/04/2018,N. Yunusa,ben,
,1,200,20/04/2018,N. Yunusa,ben,
,2,200,20/04/2018,N. Yunusa,ben,
,3,200,20/04/2018,N. Yunusa,ben,
,4,200,20/04/2018,N. Yunusa,ben,
,1,200,20/04/2018,T. Ahmadu,ben,
,2,200,20/04/2018,T. Ahmadu,ben,
,3,200,20/04/2018,T. Ahmadu,ben,
,4,200,20/04/2018,T. Ahmadu,ben,
,3000,200,20/04/2018,T. Ahmadu,ben,
,3001,200,20/04/2018,T. Ahmadu,ben,
,2,200,20/4/2018,a.simon,ben,
,3,400,20/4/2018,a.simon,ben,
,4,200,20/4/2018,a.simon,ben,
,3051,200,20/4/2018,a.simon,ben,
,1,200,20/4/2018,d.ruth,ben,
,2,400,20/4/2018,d.ruth,ben,
,3,200,20/4/2018,d.ruth,ben,
,3058,200,20/4/2018,d.ruth,ben,
,1,600,20/4/2018,f.gbenyi,ben,
,2,200,20/4/2018,f.gbenyi,ben,
,3,200,20/4/2018,f.gbenyi,ben,
,3055,200,20/4/2018,f.gbenyi,ben,
,1,200,20/4/2018,f.onoja,ben,
,2,200,20/4/2018,f.onoja,ben,
,3,200,20/4/2018,f.onoja,ben,
,3054,100,20/4/2018,f.onoja,ben,
,1,200,20/4/2018,i.iorkegh,ben,
,2,200,20/4/2018,i.iorkegh,ben,
,1,200,20/4/2018,a.simon,ben,
,1,200,20/4/2018,i.shiana,ben,
,2,200,20/4/2018,i.shiana,ben,
,3,200,20/4/2018,i.shiana,ben,
,3060,200,20/4/2018,i.shiana,ben,
,1,200,20/4/2018,l.aule,ben,
,2,300,20/4/2018,l.aule,ben,
,3,200,20/4/2018,l.aule,ben,
,4,200,20/4/2018,l.aule,ben,
,3057,200,20/4/2018,l.aule,ben,
,1,200,20/4/2018,m.orga,ben,
,2,200,20/4/2018,m.orga,ben,
,3,250,20/4/2018,m.orga,ben,
,3056,400,20/4/2018,m.orga,ben,
,1,0,20/4/2018,n.vincent,ben,
,2,0,20/4/2018,n.vincent,ben,
,3,200,20/4/2018,n.vincent,ben,
,3052,200,20/4/2018,n.vincent,ben,
,1,400,20/4/2018,t.ikyaave,ben,
,2,200,20/4/2018,t.ikyaave,ben,
,3,200,20/4/2018,t.ikyaave,ben,
,3059,200,20/4/2018,t.ikyaave,ben,
,1,200,21/04/2018,B. Idris ,ben,
,3015,400,21/04/2018,B. Idris ,ben,
,2,200,21/04/2018,B. Idris ,ben,
,3,400,21/04/2018,B. Idris ,ben,
,4,200,21/04/2018,B. Idris ,ben,
,1,400,21/04/2018,e.jonah,ben,
,2,600,21/04/2018,e.jonah,ben,
,3,600,21/04/2018,e.jonah,ben,
,4,200,21/04/2018,e.jonah,ben,
,5,600,21/04/2018,e.jonah,ben,
,3012,400,21/04/2018,H. Muhammed,ben,
,1,200,21/04/2018,H. Muhammed,ben,
,2,400,21/04/2018,H. Muhammed,ben,
,3,200,21/04/2018,H. Muhammed,ben,
,4,800,21/04/2018,H. Muhammed,ben,
,5,200,21/04/2018,H. Muhammed,ben,
,1,400,21/04/2018,i.hassan,ben,
,2,200,21/04/2018,i.hassan,ben,
,3017,200,21/04/2018,M. Orume,ben,
,1,200,21/04/2018,M. Orume,ben,
,2,20,21/04/2018,M. Orume,ben,
,3,220,21/04/2018,M. Orume,ben,
,4,200,21/04/2018,M. Orume,ben,
,5,200,21/04/2018,M. Orume,ben,
,3018,200,21/04/2018,N. Yunusa,ben,
,3019,20,21/04/2018,N. Yunusa,ben,
,1,50,21/04/2018,N. Yunusa,ben,
,2,100,21/04/2018,N. Yunusa,ben,
,3,50,21/04/2018,N. Yunusa,ben,
,4,200,21/04/2018,N. Yunusa,ben,
,3010,600,21/04/2018,T. Ahmadu,ben,
,3014,200,21/04/2018,T. Ahmadu,ben,
,1,400,21/04/2018,T. Ahmadu,ben,
,2,400,21/04/2018,T. Ahmadu,ben,
,3,600,21/04/2018,T. Ahmadu,ben,
,1,200,21/4/2018,a.simon,ben,
,2,400,21/4/2018,a.simon,ben,
,1,400,21/4/2018,d.ruth,ben,
,2,400,21/4/2018,d.ruth,ben,
,1,200,21/4/2018,f.gbenyi,ben,
,1,200,21/4/2018,f.onoja,ben,
,2,200,21/4/2018,f.onoja,ben,
,1,200,21/4/2018,i.iorkegh,ben,
,2,400,21/4/2018,i.iorkegh,ben,
,1,200,21/4/2018,i.shiana,ben,
,2,200,21/4/2018,i.shiana,ben,
,1,500,21/4/2018,l.aule,ben,
,2,200,21/4/2018,l.aule,ben,
,1,200,21/4/2018,m.orga,ben,
,2,400,21/4/2018,m.orga,ben,
,3053,400,21/4/2018,m.orga,ben,
,1,200,21/4/2018,n.vincent,ben,
,2,200,21/4/2018,n.vincent,ben,
,1,600,21/4/2018,t.ikyaave,ben,
,2,200,21/4/2018,t.ikyaave,ben,
,3016,200,22/04/2018,B. Idris ,ben,
,1,200,22/04/2018,B. Idris ,ben,
,2,200,22/04/2018,B. Idris ,ben,
,3,200,22/04/2018,B. Idris ,ben,
,4,200,22/04/2018,B. Idris ,ben,
,3011,400,22/04/2018,e.jonah,ben,
,1,400,22/04/2018,e.jonah,ben,
,2,200,22/04/2018,e.jonah,ben,
,3,200,22/04/2018,e.jonah,ben,
,4,400,22/04/2018,e.jonah,ben,
,5,100,22/04/2018,e.jonah,ben,
,1,100,22/04/2018,H. Muhammed,ben,
,3013,400,22/04/2018,H. Muhammed,ben,
,1,400,22/04/2018,i.hassan,ben,
,2,200,22/04/2018,i.hassan,ben,
,1,200,22/04/2018,M. Orume,ben,
,2,200,22/04/2018,M. Orume,ben,
,3,200,22/04/2018,M. Orume,ben,
,4,200,22/04/2018,M. Orume,ben,
,5,200,22/04/2018,M. Orume,ben,
,1,200,22/04/2018,N. Yunusa,ben,
,2,200,22/04/2018,N. Yunusa,ben,
,1,200,22/04/2018,T. Ahmadu,ben,
,2,200,22/04/2018,T. Ahmadu,ben,
,3,1000,22/04/2018,T. Ahmadu,ben,
,1,200,23/04/2018,B. Idris ,ben,
,1,200,23/04/2018,e.jonah,ben,
,2,200,23/04/2018,e.jonah,ben,
,3,200,23/04/2018,e.jonah,ben,
,3020,200,23/04/2018,H. Muhammed,ben,
,1,200,23/04/2018,M. Orume,ben,
,2,200,23/04/2018,M. Orume,ben,
,1,200,23/04/2018,T. Ahmadu,ben,
,2,200,23/04/2018,T. Ahmadu,ben,
,1,200,24/04/2018,B. Idris ,ben,
,2,200,24/04/2018,B. Idris ,ben,
,3,200,24/04/2018,B. Idris ,ben,
,4,200,24/04/2018,B. Idris ,ben,
,5,200,24/04/2018,B. Idris ,ben,
,6,200,24/04/2018,B. Idris ,ben,
,3022,200,24/04/2018,B. Idris ,ben,
,1,200,24/04/2018,e.jonah,ben,
,2,200,24/04/2018,e.jonah,ben,
,3,200,24/04/2018,e.jonah,ben,
,4,200,24/04/2018,e.jonah,ben,
,5,600,24/04/2018,e.jonah,ben,
,6,200,24/04/2018,e.jonah,ben,
,3024,200,24/04/2018,e.jonah,ben,
,1,200,24/04/2018,H. Muhammed,ben,
,2,200,24/04/2018,H. Muhammed,ben,
,3,400,24/04/2018,H. Muhammed,ben,
,4,200,24/04/2018,H. Muhammed,ben,
,5,400,24/04/2018,H. Muhammed,ben,
,6,200,24/04/2018,H. Muhammed,ben,
,3026,200,24/04/2018,H. Muhammed,ben,
,3027,400,24/04/2018,H. Muhammed,ben,
,1,200,24/04/2018,M. Orume,ben,
,2,200,24/04/2018,M. Orume,ben,
,3,200,24/04/2018,M. Orume,ben,
,4,200,24/04/2018,M. Orume,ben,
,5,200,24/04/2018,M. Orume,ben,
,6,200,24/04/2018,M. Orume,ben,
,3023,200,24/04/2018,M. Orume,ben,
,1,200,24/04/2018,N. Yunusa,ben,
,2,200,24/04/2018,N. Yunusa,ben,
,3,200,24/04/2018,N. Yunusa,ben,
,4,200,24/04/2018,N. Yunusa,ben,
,5,200,24/04/2018,N. Yunusa,ben,
,6,200,24/04/2018,N. Yunusa,ben,
,3025,400,24/04/2018,N. Yunusa,ben,
,3028,200,24/04/2018,N. Yunusa,ben,
,1,200,24/04/2018,p.thomas,ben,
,2,200,24/04/2018,p.thomas,ben,
,3,200,24/04/2018,p.thomas,ben,
,4,200,24/04/2018,p.thomas,ben,
,5,200,24/04/2018,p.thomas,ben,
,6,200,24/04/2018,p.thomas,ben,
,3021,200,24/04/2018,p.thomas,ben,
,3029,200,24/04/2018,p.thomas,ben,
,1,200,24/04/2018,T. Ahmadu,ben,
,2,200,24/04/2018,T. Ahmadu,ben,
,3,200,24/04/2018,T. Ahmadu,ben,
,4,400,24/04/2018,T. Ahmadu,ben,
,5,200,24/04/2018,T. Ahmadu,ben,
,6,400,24/04/2018,T. Ahmadu,ben,
,1,200,24/4/2018,a.simon,ben,
,2,200,24/4/2018,a.simon,ben,
,3,200,24/4/2018,a.simon,ben,
,1,200,24/4/2018,d.ruth,ben,
,2,200,24/4/2018,d.ruth,ben,
,3,400,24/4/2018,d.ruth,ben,
,1,200,24/4/2018,f.gbenyi,ben,
,2,200,24/4/2018,f.gbenyi,ben,
,1,200,24/4/2018,f.onoja,ben,
,2,200,24/4/2018,f.onoja,ben,
,1,200,24/4/2018,i.iorkegh,ben,
,1,100,24/4/2018,i.shiana,ben,
,2,200,24/4/2018,i.shiana,ben,
,3,200,24/4/2018,i.shiana,ben,
,1,200,24/4/2018,l.aule,ben,
,2,200,24/4/2018,l.aule,ben,
,3,200,24/4/2018,l.aule,ben,
,1,200,24/4/2018,m.orga,ben,
,1,200,24/4/2018,n.vincent,ben,
,2,200,24/4/2018,n.vincent,ben,
,3,200,24/4/2018,n.vincent,ben,
,1,200,24/4/2018,t.ikyaave,ben,
,2,400,24/4/2018,t.ikyaave,ben,
,1,200,25/04/2018,B. Idris ,ben,
,2,200,25/04/2018,B. Idris ,ben,
,3,200,25/04/2018,B. Idris ,ben,
,4,200,25/04/2018,B. Idris ,ben,
,5,200,25/04/2018,B. Idris ,ben,
,3031,200,25/04/2018,B. Idris ,ben,
,1,200,25/04/2018,e.jonah,ben,
,2,400,25/04/2018,e.jonah,ben,
,3,200,25/04/2018,e.jonah,ben,
,4,200,25/04/2018,e.jonah,ben,
,5,200,25/04/2018,e.jonah,ben,
,3033,200,25/04/2018,e.jonah,ben,
,3037,200,25/04/2018,e.jonah,ben,
,1,200,25/04/2018,H. Muhammed,ben,
,2,200,25/04/2018,H. Muhammed,ben,
,3,200,25/04/2018,H. Muhammed,ben,
,4,20,25/04/2018,H. Muhammed,ben,
,5,200,25/04/2018,H. Muhammed,ben,
,3030,200,25/04/2018,H. Muhammed,ben,
,3036,200,25/04/2018,H. Muhammed,ben,
,1,200,25/04/2018,M. Orume,ben,
,2,200,25/04/2018,M. Orume,ben,
,3,200,25/04/2018,M. Orume,ben,
,4,200,25/04/2018,M. Orume,ben,
,5,200,25/04/2018,M. Orume,ben,
,3032,200,25/04/2018,M. Orume,ben,
,1,200,25/04/2018,N. Yunusa,ben,
,2,50,25/04/2018,N. Yunusa,ben,
,3,50,25/04/2018,N. Yunusa,ben,
,4,50,25/04/2018,N. Yunusa,ben,
,5,200,25/04/2018,N. Yunusa,ben,
,3038,200,25/04/2018,N. Yunusa,ben,
,3039,200,25/04/2018,N. Yunusa,ben,
,1,200,25/04/2018,p.thomas,ben,
,2,200,25/04/2018,p.thomas,ben,
,3,200,25/04/2018,p.thomas,ben,
,4,200,25/04/2018,p.thomas,ben,
,5,200,25/04/2018,p.thomas,ben,
,3034,100,25/04/2018,p.thomas,ben,
,1,200,25/04/2018,T. Ahmadu,ben,
,2,200,25/04/2018,T. Ahmadu,ben,
,3,200,25/04/2018,T. Ahmadu,ben,
,4,50,25/04/2018,T. Ahmadu,ben,
,5,200,25/04/2018,T. Ahmadu,ben,
,3035,200,25/04/2018,T. Ahmadu,ben,
,1,200,25/4/2018,a.simon,ben,
,2,0,25/4/2018,a.simon,ben,
,2062,200,25/4/2018,a.simon,ben,
,1,400,25/4/2018,d.ruth,ben,
,2,0,25/4/2018,d.ruth,ben,
,2058,200,25/4/2018,d.ruth,ben,
,1,400,25/4/2018,f.gbenyi,ben,
,2,200,25/4/2018,f.gbenyi,ben,
,3,1000,25/4/2018,f.gbenyi,ben,
,1,200,25/4/2018,f.onoja,ben,
,2,200,25/4/2018,f.onoja,ben,
,3,200,25/4/2018,f.onoja,ben,
,2061,200,25/4/2018,f.onoja,ben,
,1,0,25/4/2018,i.iorkegh,ben,
,2,800,25/4/2018,i.iorkegh,ben,
,3,200,25/4/2018,i.iorkegh,ben,
,4,0,25/4/2018,i.iorkegh,ben,
,1,200,25/4/2018,i.shiana,ben,
,2,200,25/4/2018,i.shiana,ben,
,2056,200,25/4/2018,i.shiana,ben,
,2063,200,25/4/2018,l.aule,ben,
,1,600,25/4/2018,l.aule,ben,
,2,200,25/4/2018,l.aule,ben,
,2057,200,25/4/2018,i.shiana,ben,
,1,400,25/4/2018,m.orga,ben,
,2,200,25/4/2018,m.orga,ben,
,3,200,25/4/2018,m.orga,ben,
,4,200,25/4/2018,m.orga,ben,
,1,200,25/4/2018,n.vincent,ben,
,2,200,25/4/2018,n.vincent,ben,
,2064,400,25/4/2018,n.vincent,ben,
,2060,600,25/4/2018,n.vincent,ben,
,1,400,25/4/2018,t.ikyaave,ben,
,2,200,25/4/2018,t.ikyaave,ben,
,3,200,25/4/2018,t.ikyaave,ben,
,2055,200,25/4/2018,t.ikyaave,ben,
,2059,400,25/4/2018,t.ikyaave,ben,
,1,200,26/04/2018,B. Idris ,ben,
,2,200,26/04/2018,B. Idris ,ben,
,1,400,26/04/2018,e.jonah,ben,
,2,400,26/04/2018,e.jonah,ben,
,1,200,26/04/2018,H. Muhammed,ben,
,2,200,26/04/2018,H. Muhammed,ben,
,1,200,26/04/2018,M. Orume,ben,
,2,200,26/04/2018,M. Orume,ben,
,1,200,26/04/2018,N. Yunusa,ben,
,2,200,26/04/2018,N. Yunusa,ben,
,1,50,26/04/2018,p.thomas,ben,
,2,100,26/04/2018,p.thomas,ben,
,3,50,26/04/2018,p.thomas,ben,
,1,200,26/04/2018,T. Ahmadu,ben,
,2,200,26/04/2018,T. Ahmadu,ben,
,1,400,27/04/2018,B. Idris ,ben,
,2,800,27/04/2018,B. Idris ,ben,
,3,200,27/04/2018,B. Idris ,ben,
,4,400,27/04/2018,B. Idris ,ben,
,5,200,27/04/2018,B. Idris ,ben,
,3045,200,27/04/2018,B. Idris ,ben,
,3046,200,27/04/2018,B. Idris ,ben,
,1,400,27/04/2018,e.jonah,ben,
,2,400,27/04/2018,e.jonah,ben,
,3,200,27/04/2018,e.jonah,ben,
,4,200,27/04/2018,e.jonah,ben,
,5,200,27/04/2018,e.jonah,ben,
,3042,200,27/04/2018,e.jonah,ben,
,1,400,27/04/2018,H. Muhammed,ben,
,2,400,27/04/2018,H. Muhammed,ben,
,3,400,27/04/2018,H. Muhammed,ben,
,4,400,27/04/2018,H. Muhammed,ben,
,5,400,27/04/2018,H. Muhammed,ben,
,3043,600,27/04/2018,H. Muhammed,ben,
,1,200,27/04/2018,i.hassan,ben,
,2,200,27/04/2018,i.hassan,ben,
,1,200,27/04/2018,M. Orume,ben,
,2,200,27/04/2018,M. Orume,ben,
,3,200,27/04/2018,M. Orume,ben,
,4,200,27/04/2018,M. Orume,ben,
,5,200,27/04/2018,M. Orume,ben,
,3047,200,27/04/2018,M. Orume,ben,
,3048,200,27/04/2018,M. Orume,ben,
,1,400,27/04/2018,N. Yunusa,ben,
,2,400,27/04/2018,N. Yunusa,ben,
,3,400,27/04/2018,N. Yunusa,ben,
,4,200,27/04/2018,N. Yunusa,ben,
,5,200,27/04/2018,N. Yunusa,ben,
,3049,400,27/04/2018,N. Yunusa,ben,
,1,600,27/04/2018,p.thomas,ben,
,2,400,27/04/2018,p.thomas,ben,
,3,400,27/04/2018,p.thomas,ben,
,4,200,27/04/2018,p.thomas,ben,
,5,200,27/04/2018,p.thomas,ben,
,3044,200,27/04/2018,p.thomas,ben,
,1,400,27/04/2018,T. Ahmadu,ben,
,2,200,27/04/2018,T. Ahmadu,ben,
,3,200,27/04/2018,T. Ahmadu,ben,
,3040,400,27/04/2018,T. Ahmadu,ben,
,3041,400,27/04/2018,T. Ahmadu,ben,
,1,400,28/04/2018,B. Idris ,ben,
,2,800,28/04/2018,B. Idris ,ben,
,1,600,28/04/2018,e.jonah,ben,
,2,400,28/04/2018,e.jonah,ben,
,1,600,28/04/2018,H. Muhammed,ben,
,2,200,28/04/2018,H. Muhammed,ben,
,1,400,28/04/2018,M. Orume,ben,
,2,400,28/04/2018,M. Orume,ben,
,1,400,28/04/2018,N. Yunusa,ben,
,2,400,28/04/2018,N. Yunusa,ben,
,3,400,28/04/2018,N. Yunusa,ben,
,1,400,28/04/2018,p.thomas,ben,
,2,400,28/04/2018,p.thomas,ben,
,1,200,28/04/2018,T. Ahmadu,ben,
,2,200,28/04/2018,T. Ahmadu,ben,
,1,400,29/04/2018,B. Idris ,ben,
,2,400,29/04/2018,B. Idris ,ben,
,3,200,29/04/2018,B. Idris ,ben,
,4,400,29/04/2018,B. Idris ,ben,
,5,600,29/04/2018,B. Idris ,ben,
,3056,200,29/04/2018,B. Idris ,ben,
,1,800,29/04/2018,e.jonah,ben,
,2,800,29/04/2018,e.jonah,ben,
,3,800,29/04/2018,e.jonah,ben,
,4,400,29/04/2018,e.jonah,ben,
,5,800,29/04/2018,e.jonah,ben,
,3051,200,29/04/2018,e.jonah,ben,
,3052,600,29/04/2018,e.jonah,ben,
,1,400,29/04/2018,H. Muhammed,ben,
,2,200,29/04/2018,H. Muhammed,ben,
,3,100,29/04/2018,H. Muhammed,ben,
,4,600,29/04/2018,H. Muhammed,ben,
,5,200,29/04/2018,H. Muhammed,ben,
,3054,0,29/04/2018,H. Muhammed,ben,
,1,200,29/04/2018,i.hassan,ben,
,2,300,29/04/2018,i.hassan,ben,
,1,200,29/04/2018,M. Orume,ben,
,2,400,29/04/2018,M. Orume,ben,
,3,400,29/04/2018,M. Orume,ben,
,4,200,29/04/2018,M. Orume,ben,
,5,200,29/04/2018,M. Orume,ben,
,3057,200,29/04/2018,M. Orume,ben,
,1,600,29/04/2018,N. Yunusa,ben,
,2,800,29/04/2018,N. Yunusa,ben,
,3,400,29/04/2018,N. Yunusa,ben,
,4,600,29/04/2018,N. Yunusa,ben,
,5,400,29/04/2018,N. Yunusa,ben,
,3058,400,29/04/2018,N. Yunusa,ben,
,3059,400,29/04/2018,N. Yunusa,ben,
,1,800,29/04/2018,p.thomas,ben,
,2,600,29/04/2018,p.thomas,ben,
,3,600,29/04/2018,p.thomas,ben,
,4,600,29/04/2018,p.thomas,ben,
,5,600,29/04/2018,p.thomas,ben,
,3055,600,29/04/2018,p.thomas,ben,
,3053,800,29/04/2018,p.thomas,ben,
,1,600,29/04/2018,T. Ahmadu,ben,
,2,200,29/04/2018,T. Ahmadu,ben,
,3,200,29/04/2018,T. Ahmadu,ben,
,3050,200,29/04/2018,T. Ahmadu,ben,
,1,400,30/04/2018,B. Idris ,ben,
,2,400,30/04/2018,B. Idris ,ben,
,1,200,30/04/2018,e.jonah,ben,
,2,200,30/04/2018,e.jonah,ben,
,1,200,30/04/2018,H. Muhammed,ben,
,2,200,30/04/2018,H. Muhammed,ben,
,1,200,30/04/2018,M. Orume,ben,
,2,200,30/04/2018,M. Orume,ben,
,3,200,30/04/2018,M. Orume,ben,
,1,200,30/04/2018,N. Yunusa,ben,
,2,200,30/04/2018,N. Yunusa,ben,
,1,70,30/04/2018,p.thomas,ben,
,2,200,30/04/2018,p.thomas,ben,
,1,400,30/04/2018,T. Ahmadu,ben,
,2,200,30/04/2018,T. Ahmadu,ben,
